rating,Annual salary,card color,first name,last name,position,club,league,nation,age,height,weight,pace,dribbling,shooting,sprint speed,reactions,acceleration,shot power,long shots,attack,agility,balance,passing,ball control,positioning,finishing,crossing,curve,long passing,heading accuracy,standing tackle,short passing,midfield,sliding tackle,jumping,interceptions,stamina,strength,physicality,defending,defend,free kick accuracy,aggression,marking,vision,volleys,penalties
96,15.125,toty,Manuel,Neuer,GK,FC Bayern Munich,Bundesliga,Germany,29,193,92,88,89,90,61,88,58,42,16,0,43,35,91,31,12,13,15,14,41,25,10,42,0,11,78,30,44,83,92,58,0,11,29,8,70,11,37
91,14.654,totw_gold,Manuel,Neuer,GK,FC Bayern Munich,Bundesliga,Germany,29,193,92,85,86,87,61,88,58,42,16,0,43,35,91,31,12,13,15,14,41,25,10,42,0,11,78,30,44,83,90,58,0,11,29,8,70,11,37
90,13.654,rare_gold,Manuel,Neuer,GK,FC Bayern Munich,Bundesliga,Germany,29,193,92,88,93,82,46,88,53,47,28,0,49,47,83,41,34,41,46,34,43,56,24,54,0,29,77,38,72,78,85,53,0,35,51,21,41,31,44
90,12.584,legend,Peter,Schmeichel,GK,Legends,Legends,Denmark,52,193,92,84,87,86,41,77,40,29,11,0,42,45,80,22,12,8,14,12,27,12,8,27,0,8,75,31,36,77,92,40,0,11,14,8,30,12,24
89,9.654,legend,Edwin,van der Sar,GK,Legends,Legends,Holland,45,197,83,78,85,90,54,81,50,21,9,0,37,40,93,24,13,8,11,18,21,9,8,22,0,9,57,16,33,82,88,50,0,19,30,8,20,8,20
88,8.546,legend,David,Seaman,GK,Legends,Legends,England,52,193,93,86,85,85,54,86,59,44,16,0,43,41,82,22,13,10,11,8,13,33,9,27,0,8,72,23,39,82,88,59,0,10,78,9,18,17,26
88,8.487,legend,Jens,Lehmann,GK,Legends,Legends,Germany,46,190,88,90,88,88,60,92,64,30,18,0,70,66,80,34,15,33,23,12,36,30,26,34,0,20,85,25,42,75,83,64,0,30,35,12,17,37,31
87,8.564,legend,V??tor Manuel,Martins Ba??a,GK,Legends,Legends,Portugal,46,184,78,90,91,85,55,79,51,31,12,0,57,43,86,31,12,13,17,21,32,21,21,31,0,13,67,30,25,64,87,51,0,19,38,13,17,13,40
87,7.955,totw_gold,David,De Gea Quintana,GK,Manchester United,Barclays Premier League,Spain,25,193,82,84,88,87,52,81,46,36,17,0,61,45,69,23,13,14,14,19,31,13,18,32,0,16,68,15,38,70,86,46,0,11,23,11,44,12,27
86,6.487,rare_gold,Thibaut,Courtois,GK,Chelsea,Barclays Premier League,Belgium,23,199,88,86,87,88,52,86,45,21,11,0,49,34,73,32,13,12,19,13,33,19,13,35,0,12,38,23,32,65,87,45,0,19,17,11,17,17,43
86,7.654,easports,Petr,??ech,GK,Arsenal,Barclays Premier League,Czech Republic,33,196,90,83,84,84,52,86,45,21,11,0,49,34,73,32,13,12,19,13,33,19,13,35,0,12,38,23,32,65,83,45,0,19,17,11,17,17,43
85,5.978,rare_gold,Petr,??ech,GK,Arsenal,Barclays Premier League,Czech Republic,33,196,90,88,87,83,43,76,49,47,13,0,55,49,71,29,14,15,13,20,35,32,11,37,0,11,75,30,39,63,92,49,0,13,38,10,50,17,35
85,6.878,totw_gold,Gianluigi,Buffon,GK,Juventus,Serie A TIM,Italy,38,191,83,89,90,84,63,80,65,26,13,0,62,46,67,26,16,12,13,25,22,25,11,21,0,13,77,22,43,70,84,65,0,13,23,11,65,14,24
85,7.555,totw_gold,Iker,Casillas Fern??ndez,GK,FC Porto,Liga NOS,Spain,34,185,84,91,90,87,57,84,54,36,19,0,42,36,65,29,16,10,12,12,34,9,8,33,0,13,78,20,41,65,90,54,0,14,25,17,41,9,23
85,6.896,totw_gold,Samir,Handanovi??,GK,Inter,Serie A TIM,Slovenia,31,193,89,89,88,86,43,81,53,34,8,0,52,36,79,12,11,9,14,13,28,13,12,31,0,13,74,23,31,61,87,53,0,12,37,10,14,13,11
85,6.352,totw_gold,Steve,Mandanda,GK,Olympique de Marseille,Ligue 1,France,30,185,82,89,90,88,54,77,55,21,11,0,54,55,77,26,12,11,11,17,34,12,12,33,0,11,72,25,37,76,89,55,0,12,31,11,49,13,25
85,6.333,totw_gold,St??phane,Ruffier,GK,AS Saint-??tienne,Ligue 1,France,29,188,90,85,83,79,43,76,49,47,13,0,55,49,71,29,14,15,13,20,35,32,11,37,0,11,75,30,39,63,89,49,0,13,38,10,50,17,35
84,5.354,rare_gold,Gianluigi,Buffon,GK,Juventus,Serie A TIM,Italy,38,191,83,86,88,82,63,84,65,23,14,0,55,54,68,34,10,10,13,11,31,10,10,27,0,18,74,27,41,43,81,65,0,10,31,12,16,11,40
84,5.213,rare_gold,Hugo,Lloris,GK,Tottenham Hotspur,Barclays Premier League,France,29,188,78,84,85,84,52,84,46,43,14,0,52,44,81,28,7,9,9,9,33,13,15,37,0,18,73,22,43,68,83,46,0,8,28,8,53,10,23
84,4.987,rare_gold,Bernd,Leno,GK,Bayer 04 Leverkusen,Bundesliga,Germany,23,190,82,89,88,84,57,84,54,36,19,0,42,36,65,29,16,10,12,12,34,9,8,33,0,13,78,20,41,65,88,54,0,14,25,17,41,9,23
84,4.685,totw_gold,Samir,Handanovi??,GK,Inter,Serie A TIM,Slovenia,31,193,89,87,86,83,43,81,53,34,8,0,52,36,79,12,11,9,14,13,28,13,12,31,0,13,74,23,31,61,85,53,0,12,37,10,14,13,11
84,3.987,totw_gold,Steve,Mandanda,GK,Olympique de Marseille,Ligue 1,France,30,185,82,86,88,85,54,77,55,21,11,0,54,55,77,26,12,11,11,17,34,12,12,33,0,11,72,25,37,76,86,55,0,12,31,11,49,13,25
84,3.586,totw_gold,St??phane,Ruffier,GK,AS Saint-??tienne,Ligue 1,France,29,188,90,87,88,86,52,81,45,28,13,0,42,37,79,24,12,13,13,14,12,11,14,25,0,10,76,22,45,73,86,45,0,12,30,10,45,12,35
84,4.12,totw_gold,Kevin,Trapp,GK,Paris Saint-Germain,Ligue 1,Germany,25,189,88,85,86,78,60,81,59,65,19,0,25,32,76,20,14,14,14,17,35,10,14,32,0,13,72,25,28,61,80,59,0,13,28,14,42,19,68
83,3.958,rare_gold,Joe,Hart,GK,Manchester City,Barclays Premier League,England,28,196,91,79,77,81,26,79,20,44,11,0,28,36,53,19,8,11,14,14,20,17,17,31,0,18,69,13,28,76,79,20,0,10,38,11,32,11,27
79,3.222,gold,Roman,Weidenfeller,GK,Borussia Dortmund,Bundesliga,Germany,35,190,90,77,77,74,64,64,49,44,12,0,58,50,68,29,17,15,12,16,29,16,22,34,0,15,74,27,38,61,79,49,0,12,29,12,43,14,12
75,3.152,gold,Volkan,Babacan,GK,Medipol Ba??ak??ehir FK,S??per Lig,Turkey,27,192,83,76,80,73,58,68,57,11,19,0,36,56,70,20,16,12,14,16,33,11,18,30,0,12,68,25,16,61,78,57,0,12,27,12,18,14,12
75,3.025,gold,Seung Gyu,Kim,GK,Ulsan Hyundai Horang-i,K LEAGUE Classic,Korea Republic,25,187,76,78,79,72,50,73,45,18,9,0,36,25,70,23,15,9,13,20,21,8,11,17,0,12,60,24,34,48,72,45,0,19,23,8,15,9,20
75,3.155,gold,Benjamin,Lecomte,GK,FC Lorient,Ligue 1,France,24,186,78,70,68,71,40,69,35,23,12,0,62,65,68,26,14,17,13,16,31,14,12,25,0,12,73,25,41,70,65,35,0,17,23,11,10,14,20
69,2.301,silver,Lee,Camp,GK,Rotherham United,Football League Championship,Northern Ireland,31,182,74,70,68,71,40,69,35,23,12,0,62,65,68,26,14,17,13,16,31,14,12,25,0,12,73,25,41,70,65,35,0,17,23,11,10,14,20
98,18.928,toty,C. Ronaldo,dos Santos Aveiro,LW,Real Madrid CF,Liga BBVA,Portugal,31,185,80,98,99,95,97,92,99,91,83,0,98,90,90,96,99,99,88,97,90,82,32,90,0,44,76,48,99,56,73,40,0,97,70,28,90,98,96
97,15.654,toty,Neymar,da Silva Santos Jr.,LW,FC Barcelona,Liga BBVA,Brazil,24,174,68,95,93,96,96,95,93,97,96,0,93,64,86,94,96,98,88,94,77,99,37,87,0,27,99,35,94,86,85,40,0,83,67,26,87,89,87
96,14.654,totw_gold,C. Ronaldo,dos Santos Aveiro,LW,Real Madrid CF,Liga BBVA,Portugal,31,185,80,93,95,89,93,88,94,85,77,0,95,86,81,92,96,94,79,87,81,72,28,81,0,38,68,42,96,50,65,35,0,87,62,24,81,92,90
91,11.256,totw_gold,Neymar,da Silva Santos Jr.,LW,FC Barcelona,Liga BBVA,Brazil,24,174,68,89,75,66,88,78,91,92,87,0,66,77,82,82,62,42,94,88,82,76,88,74,0,88,81,91,91,85,86,86,0,81,81,85,82,61,97
87,11.542,legend,Andreas,Brehme,LW,Legends,Legends,Germany,55,176,77,84,92,80,81,82,88,76,80,0,94,91,78,91,81,81,83,77,72,73,24,82,0,26,56,21,69,53,55,28,0,84,43,21,71,81,94
87,10.652,legend,Paulo Jorge,dos Santos Futre,LW,Legends,Legends,Portugal,49,175,74,91,88,86,92,89,89,86,88,0,91,83,87,86,89,84,87,92,80,52,36,89,0,46,72,51,75,67,66,40,0,89,48,30,85,83,88
87,9.654,totw_gold,Marco,Reus,LW,Borussia Dortmund,Bundesliga,Germany,26,180,75,87,88,83,85,84,89,82,80,0,91,87,78,87,85,85,76,78,73,60,39,80,0,35,72,42,86,64,73,39,0,77,80,30,78,78,77
86,7.325,rare_gold,Alexis,S??nchez,LW,Arsenal,Barclays Premier League,Chile,27,169,62,92,91,81,87,78,96,79,86,0,99,97,86,91,87,78,84,91,81,87,38,86,0,31,59,32,85,40,52,42,0,81,36,38,90,78,70
84,7.654,totw_gold,Lorenzo,Insigne,LW,Napoli,Serie A TIM,Italy,24,163,59,82,84,76,79,85,86,71,73,0,84,82,77,85,84,80,78,81,74,55,32,83,0,31,67,49,78,55,62,37,0,57,56,30,74,70,66
83,6.998,rare_gold,Pedro,Rodr??guez Ledesma,LW,Chelsea,Barclays Premier League,Spain,28,167,62,78,83,79,76,81,80,74,81,0,84,81,79,83,82,82,81,82,67,45,39,80,0,25,63,58,68,62,66,39,0,82,73,30,81,65,72
82,6.654,gold,Manuel,Agudo Dur??n,LW,RC Celta de Vigo,Liga BBVA,Spain,29,175,72,81,85,83,81,78,79,88,78,0,81,71,80,82,84,84,76,76,77,58,38,81,0,21,60,41,75,71,70,37,0,73,63,31,85,84,73
81,5.654,totw_gold,Viktor,Fischer,LW,Ajax,Eredivisie,Denmark,21,181,82,90,85,78,90,83,91,88,82,0,82,86,73,83,80,74,66,85,68,60,31,74,0,20,80,21,82,77,75,29,0,90,62,24,75,74,66
81,6.012,rare_gold,Memphis,Depay,LW,Manchester United,Barclays Premier League,Holland,21,176,78,82,82,73,82,77,81,76,69,0,82,85,74,81,77,73,77,74,61,48,40,78,0,37,72,31,67,74,73,33,0,76,76,21,75,76,69
80,4.998,rare_gold,Ezequiel,Lavezzi,LW,Paris Saint-Germain,Ligue 1,Argentina,30,173,75,92,81,69,92,78,91,69,60,0,88,76,70,79,81,72,75,69,67,63,29,71,0,15,65,39,91,55,64,28,0,43,51,13,74,70,63
80,4.925,rare_gold,Gervais,Yao Kouassi,LW,Roma,Serie A TIM,C??te d'Ivoire,28,179,68,87,82,71,85,75,89,65,70,0,86,91,75,80,80,74,81,81,63,65,35,80,0,38,70,51,75,52,59,42,0,58,55,36,74,74,59
80,3.652,rare_gold,Pablo,Piatti,LW,Valencia CF,Liga BBVA,Argentina,26,163,63,81,88,71,76,84,88,78,67,0,89,87,75,86,78,71,70,76,71,46,49,79,0,30,72,48,74,53,58,40,0,83,46,28,76,64,63
80,4.011,rare_gold,Yacine,Brahimi,LW,FC Porto,Liga NOS,Algeria,25,175,66,86,84,75,86,74,86,75,75,0,83,82,71,87,77,75,71,86,61,51,30,71,0,25,60,36,72,57,60,31,0,71,54,25,73,77,74
80,3.652,rare_gold,Stephan,El Shaarawy,LW,AS Monaco,Ligue 1,Italy,23,178,72,87,82,74,91,77,83,75,75,0,83,78,76,82,75,76,74,67,77,55,47,81,0,44,59,69,70,66,67,52,0,38,70,48,81,69,60
80,3.214,rare_gold,Oleg,Shatov,LW,Zenit St. Petersburg,Sogaz Russian Football Championship,Russia,25,173,73,75,78,71,78,73,72,83,79,0,72,68,76,81,73,61,77,81,75,56,37,77,0,37,62,39,68,76,70,34,0,77,61,21,75,72,69
75,3.653,gold,Bo??ko,Jankovi??,LW,Hellas Verona,Serie A TIM,Serbia,31,183,78,85,78,70,84,76,86,72,66,0,83,77,67,75,74,71,70,76,57,63,25,67,0,21,67,31,73,50,53,30,0,73,30,27,66,65,72
75,2.156,gold,H??ldon Augusto,Almeida Ramos,LW,Rio Ave FC,Liga NOS,Cape Verde Islands,27,174,68,82,81,71,78,72,86,74,77,0,87,87,68,80,70,68,64,74,56,48,19,72,0,19,71,24,74,60,58,21,0,74,32,14,70,68,70
75,2.144,gold,Nicola,Sansone,LW,Sassuolo,Serie A TIM,Italy,24,173,68,99,99,98,96,95,99,89,97,0,95,98,97,99,99,99,90,99,89,99,38,99,0,35,82,36,91,71,75,40,0,99,58,21,99,94,82
99,22.658,toty,Lionel,Messi,RW,FC Barcelona,Liga BBVA,Argentina,28,170,72,83,90,81,83,83,82,81,85,0,83,79,86,91,87,78,88,76,85,64,41,88,0,38,66,37,85,72,75,38,0,83,73,27,86,79,83
90,11.23,legend,Lu??s Filipe,Madeira Caeiro Figo,RW,Legends,Legends,Portugal,43,180,75,90,94,89,89,83,91,86,86,0,90,90,81,93,87,93,81,79,81,85,53,82,0,49,77,63,83,64,68,59,0,71,56,57,84,87,85
90,10.356,legend,George,Best,RW,Legends,Legends,Northern Ireland,69,175,65,96,88,90,97,88,94,94,95,0,78,68,87,89,90,87,88,91,83,77,68,88,0,64,71,61,94,83,85,66,0,89,81,62,82,82,82
89,9.65,totw_gold,Gareth,Bale,RW,Real Madrid CF,Liga BBVA,Wales,26,183,74,90,89,85,90,82,90,93,85,0,93,81,88,89,90,80,95,88,85,56,66,85,0,64,77,40,83,68,75,52,0,76,81,39,88,82,78
87,8.654,totw_gold,??ngel,Di Mar??a,RW,Paris Saint-Germain,Ligue 1,Argentina,27,180,75,86,84,88,86,85,84,95,91,0,73,60,84,86,83,85,82,82,80,69,41,86,0,28,72,56,84,91,87,44,0,87,84,33,82,73,80
85,8.654,totw_gold,Givanildo,Vieira de Souza,RW,Zenit St. Petersburg,Sogaz Russian Football Championship,Brazil,29,180,85,87,87,84,85,83,88,93,90,0,80,77,85,89,79,77,93,86,77,57,45,83,0,45,58,51,95,70,76,47,0,81,67,42,85,81,91
84,8.635,totw_gold,Antonio,Candreva,RW,Lazio,Serie A TIM,Italy,28,181,72,86,84,79,85,78,87,73,79,0,87,82,75,83,81,81,74,80,63,64,22,80,0,14,69,37,64,69,65,25,0,67,57,12,76,84,71
82,8.124,rare_gold,Carlos,Vela,RW,Real Sociedad,Liga BBVA,Mexico,26,177,75,93,87,73,91,80,95,79,73,0,93,85,75,84,77,69,76,69,74,50,43,77,0,48,71,50,69,56,62,44,0,68,67,39,76,70,75
82,7.985,rare_gold,Lucas,Rodrigues M. Silva,RW,Paris Saint-Germain,Ligue 1,Brazil,23,172,72,87,88,74,84,84,89,88,75,0,92,82,80,88,84,65,73,87,78,53,53,80,0,55,77,69,86,69,75,56,0,67,71,49,86,86,74
82,7.458,totw_gold,Henrikh,Mkhitaryan,RW,Borussia Dortmund,Bundesliga,Armenia,27,177,75,70,76,82,73,85,65,85,78,0,73,62,77,77,87,80,84,65,70,81,72,80,0,64,77,66,94,78,82,70,0,53,74,66,79,77,89
81,7.128,totw_gold,Dirk,Kuyt,RW,Feyenoord,Eredivisie,Holland,35,184,84,88,82,80,89,73,86,82,83,0,87,78,72,82,79,80,73,75,59,60,24,74,0,27,82,24,80,61,67,28,0,76,60,25,74,68,65
80,7.268,rare_gold,Quincy,Promes,RW,Spartak Moscow,Sogaz Russian Football Championship,Holland,24,174,70,80,85,72,79,75,82,61,73,0,87,82,74,85,76,76,74,84,71,43,33,76,0,31,41,26,73,52,56,33,0,73,48,35,72,64,70
79,6.354,gold,Iago,Falqu?? Silva,RW,Roma,Serie A TIM,Spain,26,174,69,82,85,72,79,78,85,59,79,0,89,79,73,83,72,76,74,84,58,62,37,75,0,25,73,31,63,45,53,31,0,77,54,18,74,61,69
79,5.145,gold,Fabi??n,Orellana,RW,RC Celta de Vigo,Liga BBVA,Chile,30,171,70,92,82,72,91,75,94,82,70,0,84,73,73,82,74,73,75,77,68,47,23,75,0,19,71,26,76,59,62,24,0,75,48,19,69,58,51
79,5.102,rare_gold,Cristian,Tello Herrera,RW,FC Porto,Liga NOS,Spain,24,178,65,66,78,75,68,85,63,75,81,0,67,64,82,83,83,73,81,81,80,69,26,85,0,25,60,53,64,62,61,32,0,73,57,15,83,61,84
78,4.914,rare_gold,Xabier,Prieto Argarate,RW,Real Sociedad,Liga BBVA,Spain,32,186,76,73,81,76,71,73,76,73,78,0,78,77,74,81,78,76,73,73,69,43,25,75,0,26,68,29,63,49,51,25,0,67,38,16,80,76,75
78,4.952,gold,Lior,Refaelov,RW,Club Brugge KV,Belgium Pro League,Israel,29,175,70,94,82,66,94,74,94,74,57,0,86,80,70,80,79,66,78,72,59,53,30,73,0,30,64,24,76,65,66,28,0,56,55,20,66,68,65
78,3.985,rare_gold,Jonathan,Biabiany,RW,Inter,Serie A TIM,France,27,177,70,77,79,74,76,75,78,79,77,0,74,76,81,79,76,72,86,82,81,52,24,80,0,28,66,43,73,62,65,29,0,80,63,17,77,66,59
78,3.951,gold,Markel,Susaeta Laskurain,RW,Athletic Club de Bilbao,Liga BBVA,Spain,28,179,68,86,79,76,84,76,88,83,73,0,77,70,69,80,79,76,77,84,66,67,24,69,0,18,67,27,75,80,78,26,0,52,80,17,66,71,67
78,3.213,rare_gold,Felipe,Pardo,RW,Olympiakos CFP,Hellas Liga,Colombia,25,178,84,92,82,71,95,72,89,81,70,0,79,59,69,84,76,67,73,72,51,68,41,73,0,38,77,35,79,83,78,37,0,64,66,25,72,70,70
78,2.125,rare_gold,V??ctor,Ibarbo,RW,Watford,Barclays Premier League,Colombia,25,188,79,92,84,70,92,69,93,76,76,0,92,91,67,81,75,65,67,71,54,40,30,68,0,26,68,21,62,40,54,25,0,73,74,18,71,61,62
77,2.011,rare_gold,Juan Manuel,Iturbe,RW,Roma,Serie A TIM,Argentina,22,172,68,78,78,72,79,76,77,80,67,0,84,58,75,78,74,73,78,77,69,73,48,77,0,46,70,55,64,78,65,51,0,65,33,45,75,61,64
77,1.998,rare_gold,Lucas,Ocampos,RW,Olympique de Marseille,Ligue 1,Argentina,21,187,84,78,78,72,79,76,77,80,67,0,84,58,75,78,74,73,78,77,69,73,48,77,0,46,70,55,64,78,65,51,0,65,33,45,75,61,64
95,19.55,totw_gold,Luis,Su??rez,ST,FC Barcelona,Liga BBVA,Uruguay,29,182,85,87,94,94,82,97,93,94,90,0,91,64,89,97,95,96,86,96,72,91,53,92,0,45,78,48,97,86,90,50,0,94,88,35,94,92,90
92,11.258,motm,Zlatan,Ibrahimovi??,ST,Paris Saint-Germain,Ligue 1,Sweden,34,195,95,76,90,94,77,90,74,97,91,0,91,43,88,95,89,94,82,86,82,88,47,91,0,31,76,23,79,98,91,36,0,86,88,17,90,96,95
91,11.222,legend,Marco,van Basten,ST,Legends,Legends,Holland,51,188,78,83,81,94,84,93,81,97,85,0,84,71,73,85,94,97,74,65,62,90,22,78,0,21,88,45,62,80,70,34,0,71,51,25,73,97,87
91,10.958,totw_gold,Arjen,Robben,ST,FC Bayern Munich,Bundesliga,Holland,32,180,80,93,93,88,93,91,93,88,92,0,91,91,84,90,91,86,81,88,75,54,27,87,0,27,62,41,78,67,66,34,0,85,48,30,86,88,81
91,8.665,totw_gold,Robert,Lewandowski,ST,FC Bayern Munich,Bundesliga,Poland,27,185,79,84,91,93,85,95,82,91,87,0,82,84,82,94,95,96,68,85,72,93,47,90,0,21,91,44,86,89,88,43,0,75,88,28,86,89,84
90,7.998,legend,Hristo,Stoichkov,ST,Legends,Legends,Bulgaria,49,178,77,84,87,88,83,84,86,89,82,0,83,82,85,88,91,89,85,89,79,78,56,84,0,47,72,56,74,84,82,51,0,85,92,34,88,92,91
90,8.213,legend,Ruud,van Nistelrooy,ST,Legends,Legends,Holland,39,188,80,84,76,89,82,92,86,89,73,0,74,80,68,77,93,94,56,74,58,91,34,74,0,33,75,27,77,79,76,33,0,72,68,16,75,94,90
90,8.12,legend,Emilio,Butrague??o Santos,ST,Legends,Legends,Spain,52,170,68,91,87,88,91,91,92,84,81,0,86,88,78,85,90,94,74,79,62,81,33,83,0,30,81,45,82,60,65,36,0,77,51,21,83,87,85
89,7.654,legend,Alan,Shearer,ST,Legends,Legends,England,45,182,78,78,76,90,75,85,81,91,82,0,71,71,77,79,90,92,77,81,63,92,67,82,0,55,88,44,84,85,84,50,0,86,78,21,76,90,94
89,7.632,legend,George,Weah,ST,Legends,Legends,Liberia,49,184,76,93,85,87,93,85,93,89,81,0,87,80,77,84,83,90,70,73,60,84,39,79,0,30,89,61,86,84,81,44,0,91,63,30,89,82,87
89,7.125,legend,Gary,Lineker,ST,Legends,Legends,England,55,177,74,86,80,87,84,91,88,83,79,0,81,79,69,83,91,92,60,61,62,84,19,78,0,18,78,39,83,74,75,28,0,63,65,16,72,87,83
89,7.652,totw_gold,Sergio,Ag??ero,ST,Manchester City,Barclays Premier League,Argentina,27,172,74,91,91,92,87,88,94,89,85,0,87,92,81,91,95,95,73,86,66,79,23,87,0,14,81,28,74,76,73,27,0,75,61,15,87,89,87
89,7.654,totw_gold,Karim,Benzema,ST,Real Madrid CF,Liga BBVA,France,28,187,79,86,87,90,87,89,84,88,83,0,80,64,83,92,93,94,83,87,52,92,17,92,0,14,77,26,84,86,82,26,0,80,72,15,89,82,87
88,6.985,legend,Michael,Owen,ST,Legends,Legends,England,36,173,70,89,86,85,89,90,90,84,74,0,84,84,67,84,90,90,66,71,47,79,21,73,0,10,82,20,78,58,64,22,0,65,56,11,72,88,82
87,6.21,legend,Hern??n,Crespo,ST,Legends,Legends,Argentina,40,185,78,87,80,86,88,82,86,86,81,0,87,82,69,80,86,88,77,70,52,90,19,65,0,16,85,20,77,73,69,25,0,60,47,17,81,87,88
87,6.325,legend,Oliver,Bierhoff,ST,Legends,Legends,Germany,47,191,83,76,73,83,78,87,74,83,73,0,60,65,62,77,88,89,51,67,45,93,24,77,0,26,85,25,69,84,74,32,0,45,52,25,62,84,66
87,6.147,totw_gold,Wayne,Rooney,ST,Manchester United,Barclays Premier League,England,30,176,83,76,83,88,76,90,74,90,86,0,78,78,84,87,89,88,80,87,88,85,57,82,0,39,82,57,91,86,89,50,0,87,91,30,86,91,82
84,5.642,totw_gold,Mario,Mand??uki??,ST,Juventus,Serie A TIM,Croatia,29,187,84,78,80,85,80,88,75,86,77,0,78,57,65,83,88,88,67,69,42,94,36,76,0,32,88,43,81,88,87,40,0,47,89,26,60,85,82
86,3.125,legend,Robbie,Fowler,ST,Legends,Legends,England,40,180,73,83,83,82,81,86,85,84,81,0,82,86,73,80,84,82,65,73,64,88,48,75,0,32,80,66,81,75,76,48,0,79,69,27,81,82,85
86,5.641,legend,Teddy,Sheringham,ST,Legends,Legends,England,49,185,79,78,73,86,79,86,77,88,83,0,54,59,70,76,86,87,72,65,68,87,31,72,0,38,86,41,82,74,72,40,0,74,52,34,68,85,86
86,5.624,rare_gold,Carlos,T??vez,ST,Boca Juniors,Primera Divisi??n,Argentina,32,173,75,87,88,88,85,91,90,90,88,0,83,91,76,90,91,88,73,84,61,60,51,79,0,51,77,34,91,81,84,45,0,82,86,39,80,87,82
86,5.324,rare_gold,Diego,da Silva Costa,ST,Chelsea,Barclays Premier League,Spain,27,188,85,82,79,83,85,85,79,83,69,0,63,52,63,82,89,90,63,58,48,82,39,65,0,34,60,40,85,91,88,40,0,59,90,28,74,81,76
86,5.154,totw_gold,Gonzalo,Higua??n,ST,Napoli,Serie A TIM,Argentina,28,184,82,82,85,88,83,87,80,88,80,0,75,62,72,88,92,93,76,76,58,91,17,74,0,11,77,22,72,84,75,26,0,65,52,17,74,86,77
85,5.235,rare_gold,Edinson,Cavani,ST,Paris Saint-Germain,Ligue 1,Uruguay,28,184,71,76,81,83,78,85,74,85,78,0,82,59,71,83,85,85,70,75,50,86,45,77,0,27,88,48,90,74,80,42,0,77,82,24,77,82,82
85,4,totw_gold,Alexandre,Lacazette,ST,Olympique Lyonnais,Ligue 1,France,24,175,73,89,87,87,89,85,89,85,79,0,90,85,76,85,88,90,69,76,69,77,29,81,0,30,80,41,76,76,75,35,0,74,71,23,78,84,83
85,5.22,totw_gold,Jonas,Gon??alves Oliveira,ST,SL Benfica,Liga NOS,Brazil,31,181,74,80,89,89,81,90,77,87,87,0,84,71,80,94,92,92,80,91,63,96,32,82,0,34,75,39,85,72,75,37,0,82,68,19,86,83,79
85,4.325,totw_gold,Antoine,Griezmann,ST,Atl??tico Madrid,Liga BBVA,France,24,176,67,87,88,87,85,85,88,84,83,0,93,73,82,85,93,91,87,89,79,83,23,82,0,11,83,37,79,65,72,31,0,74,73,24,78,89,68
84,3.154,totw_gold,Aritz,Aduriz Zubeldia,ST,Athletic Club de Bilbao,Liga BBVA,Spain,34,182,78,73,78,88,74,92,71,85,81,0,58,62,67,84,92,91,58,65,49,99,47,73,0,53,99,25,77,86,85,50,0,58,87,50,78,86,80
84,3.858,totw_gold,Pierre-Emerick,Aubameyang,ST,Borussia Dortmund,Bundesliga,Gabon,26,187,80,97,83,86,97,87,98,82,81,0,84,69,80,83,89,89,86,83,68,78,26,81,0,38,80,50,83,81,75,38,0,78,47,29,82,86,84
80,3.102,rare_gold,Rodrigo,Palacio,ST,Inter,Serie A TIM,Argentina,34,175,70,85,84,78,84,80,86,73,62,0,83,83,76,86,86,85,75,83,65,78,33,79,0,30,79,39,79,61,71,38,0,67,85,31,78,79,83
80,3.012,rare_gold,Fernando Javier,Llorente Torres,ST,Sevilla FC,Liga BBVA,Spain,30,195,90,60,69,77,65,80,55,79,65,0,45,33,60,79,85,82,44,60,51,90,25,71,0,15,55,25,65,91,76,28,0,40,60,15,70,80,70
80,3.256,totw_gold,Hakan,??alhano??lu,ST,Bayer 04 Leverkusen,Bundesliga,Turkey,21,178,76,75,81,80,73,81,76,89,91,0,78,78,84,82,76,72,79,96,79,54,43,82,0,46,52,45,71,55,60,42,0,98,57,32,84,69,75
80,3.235,totw_gold,Islam,Slimani,ST,Sporting CP,Liga NOS,Algeria,27,188,79,73,71,82,76,81,69,89,71,0,66,58,61,73,92,82,46,66,49,94,38,70,0,20,89,47,90,86,88,40,0,47,85,26,71,85,78
80,3.145,totw_gold,Enner,Valencia,ST,West Ham United,Barclays Premier League,Ecuador,26,174,74,86,78,80,84,73,87,89,78,0,78,78,70,76,76,80,70,76,67,84,50,73,0,43,92,46,88,75,73,52,0,60,44,46,66,57,77
80,3.254,totw_gold,Charles,Dias De Oliveira,ST,M??laga CF,Liga BBVA,Brazil,31,177,75,70,84,85,70,82,71,90,80,0,96,71,62,89,81,84,58,89,48,74,37,66,0,28,98,19,72,76,75,36,0,60,70,36,63,91,66
80,2.389,totw_gold,Shane,Long,ST,Southampton,Barclays Premier League,Republic of Ireland,29,180,81,86,80,81,86,83,86,83,73,0,80,81,65,81,84,82,75,58,53,81,29,67,0,25,98,45,89,83,86,40,0,40,83,38,68,76,85
80,3.105,totw_gold,Arkadiusz,Milik,ST,Ajax,Eredivisie,Poland,21,186,78,75,73,84,76,76,73,87,80,0,70,64,70,73,77,86,65,80,70,74,34,70,0,32,63,36,79,76,75,38,0,83,68,29,67,77,77
80,3.121,rare_gold,Islam,Slimani,ST,Sporting CP,Liga NOS,Algeria,27,188,79,72,72,79,75,82,69,86,68,0,67,59,66,74,89,79,50,71,53,99,43,75,0,22,88,53,89,85,87,45,0,51,84,29,77,82,75
79,2.656,rare_gold,Kevin,Kur??nyi,ST,TSG 1899 Hoffenheim,Bundesliga,Germany,33,190,88,70,68,78,72,83,68,84,70,0,59,47,66,72,82,80,64,64,54,87,29,75,0,25,71,42,78,86,81,35,0,36,76,22,68,77,62
79,2.689,rare_gold,Fernando Jos??,Torres Sanz,ST,Atl??tico Madrid,Liga BBVA,Spain,31,186,78,78,78,78,79,68,77,83,73,0,74,60,70,80,82,77,67,79,51,75,29,77,0,18,75,20,63,76,70,28,0,63,62,21,75,81,74
79,2.125,gold,K??vin,Gameiro,ST,Sevilla FC,Liga BBVA,France,28,178,72,80,78,79,78,81,83,72,77,0,85,81,75,80,85,82,70,76,72,68,34,80,0,38,82,38,71,66,68,35,0,69,66,23,76,79,77
78,2.226,rare_gold,Nordin,Amrabat,ST,Watford,Liga BBVA,Morocco,28,178,77,88,84,77,87,76,89,79,78,0,90,75,73,80,77,76,79,75,71,75,41,76,0,29,58,34,79,75,74,38,0,68,67,29,64,75,76
78,2.236,totw_gold,Nils,Petersen,ST,SC Freiburg,Bundesliga 2,Germany,27,188,80,67,70,80,68,81,64,82,72,0,67,57,60,73,85,81,57,55,53,83,29,65,0,21,62,32,77,79,75,35,0,46,63,30,60,78,83
78,2.124,gold,Alexandr,Kokorin,ST,Zenit St. Petersburg,Sogaz Russian Football Championship,Russia,24,183,79,85,76,78,85,83,85,80,77,0,74,59,73,76,84,79,73,64,70,73,43,75,0,45,74,35,63,61,64,45,0,75,69,44,73,74,67
73,2.002,rare_silver,Jelle,Vossen,ST,Club Brugge KV,Belgium Pro League,Belgium,26,180,73,65,71,76,66,81,63,75,76,0,74,73,70,73,79,75,67,72,68,72,39,72,0,40,70,48,85,61,68,42,0,70,64,33,73,78,75
95,16.656,toty,Andr??s,Iniesta Luj??n,CM,FC Barcelona,Liga BBVA,Spain,31,171,68,82,96,81,82,93,83,73,83,0,88,91,98,98,95,82,88,90,96,61,64,99,0,63,61,77,89,67,72,67,0,78,66,64,99,83,79
93,11.356,toty,Luka,Modri??,CM,Real Madrid CF,Liga BBVA,Croatia,30,174,65,83,95,83,80,93,85,80,91,0,99,99,91,98,88,79,84,83,89,60,82,93,0,80,73,80,94,67,75,78,0,83,68,75,96,84,89
93,11.658,toty,Paul,Pogba,CM,Juventus,Serie A TIM,France,22,188,80,84,93,87,86,93,81,98,98,0,81,65,90,96,90,76,83,90,88,77,83,93,0,89,90,76,92,97,94,80,0,87,85,76,94,91,82
90,8.965,legend,Ruud,Gullit,CM,Legends,Legends,Holland,53,190,88,86,86,83,87,90,85,86,84,0,78,83,89,87,84,80,87,91,89,85,80,89,0,77,82,77,88,86,82,79,0,93,67,79,90,86,85
88,8.201,legend,Roy,Keane,CM,Legends,Legends,Republic of Ireland,44,180,76,71,78,71,72,88,69,81,81,0,72,77,81,84,78,62,67,68,85,75,90,89,0,82,79,89,92,89,90,86,0,71,95,84,82,66,70
88,7.985,legend,Patrick,Vieira,CM,Legends,Legends,France,39,192,82,84,82,71,82,87,86,75,68,0,74,71,79,85,77,70,62,65,84,80,88,86,0,82,81,91,89,91,91,85,0,56,94,82,88,62,73
87,6.365,rare_gold,Francesc,F??bregas i Soler,CM,Chelsea,Barclays Premier League,Spain,28,175,74,68,81,78,68,83,67,77,78,0,65,77,90,87,81,78,86,77,92,74,66,93,0,62,68,61,83,64,65,64,0,81,45,62,93,81,80
87,6.352,rare_gold,Toni,Kroos,CM,Real Madrid CF,Liga BBVA,Germany,26,182,78,56,82,81,52,85,61,87,89,0,71,62,88,86,76,76,84,84,89,54,72,90,0,59,54,75,77,72,69,66,0,83,54,60,88,84,73
87,6.322,totw_gold,Kevin,De Bruyne,CM,Manchester City,Barclays Premier League,Belgium,24,181,76,78,87,86,78,87,76,84,86,0,78,76,88,86,83,82,90,77,82,53,39,88,0,40,65,52,85,74,77,41,0,77,68,30,88,82,77
86,6.121,rare_gold,Arturo,Vidal,CM,FC Bayern Munich,Bundesliga,Chile,28,180,75,77,81,79,76,87,79,83,81,0,75,77,80,83,80,76,76,76,80,74,88,84,0,89,82,88,93,75,83,83,0,68,90,76,82,78,86
86,6.201,totw_gold,Santiago,Cazorla Gonz??lez,CM,Arsenal,Barclays Premier League,Spain,31,168,66,74,89,82,68,86,80,82,86,0,87,93,87,87,86,80,89,88,85,53,63,88,0,48,73,55,74,61,66,57,0,79,61,57,87,70,84
86,6.102,totw_gold,Miralem,Pjani??,CM,Roma,Serie A TIM,Bosnia and Herzegovina,25,180,74,74,87,82,74,85,74,86,91,0,78,80,89,92,84,76,80,84,89,69,76,93,0,74,72,76,82,65,72,72,0,89,73,65,92,77,86
85,6.22,rare_gold,Yaya,Tour??,CM,Manchester City,Barclays Premier League,C??te d'Ivoire,32,189,90,76,79,83,80,85,70,86,84,0,64,55,81,83,81,82,67,80,83,74,78,86,0,75,65,66,86,92,86,70,0,85,78,63,85,68,85
85,6.001,totw_gold,Blaise,Matuidi,CM,Paris Saint-Germain,Ligue 1,France,28,175,70,76,80,70,77,88,74,77,68,0,82,84,82,82,73,67,79,69,84,74,86,89,0,85,85,88,96,74,83,85,0,55,86,83,78,75,58
85,6.103,totw_gold,Marco,Verratti,CM,Paris Saint-Germain,Ligue 1,Italy,23,165,60,69,88,60,64,88,73,68,60,0,88,95,86,85,73,53,74,75,90,56,84,93,0,75,66,85,83,58,72,80,0,66,92,80,87,66,66
81,4.98,gold,Gonzalo,Castro,CM,Borussia Dortmund,Bundesliga,Germany,28,172,74,74,81,69,72,83,76,76,71,0,80,83,82,82,78,67,82,79,80,60,74,84,0,74,77,83,81,64,69,75,0,72,63,76,81,62,55
81,4.988,rare_gold,Nuri,??ahin,CM,Borussia Dortmund,Bundesliga,Turkey,27,180,73,54,81,68,50,83,59,72,78,0,76,74,84,85,68,63,84,84,86,61,70,83,0,74,59,83,63,62,61,69,0,80,56,60,85,78,38
81,3.247,rare_gold,Axel,Witsel,CM,Zenit St. Petersburg,Sogaz Russian Football Championship,Belgium,27,186,73,71,82,74,74,81,67,78,74,0,82,60,77,85,75,71,69,69,78,77,73,83,0,71,72,85,85,79,80,74,0,68,78,69,78,67,81
81,3.789,rare_gold,Andr??s,Guardado,CM,PSV,Eredivisie,Mexico,29,169,67,83,84,68,82,85,85,76,72,0,86,88,79,86,69,60,75,71,75,55,75,84,0,73,74,70,88,57,67,67,0,72,63,57,80,70,78
78,3.025,gold,Christian,Gentner,CM,VfB Stuttgart,Bundesliga,Germany,30,189,81,60,71,76,60,79,59,83,79,0,53,59,74,77,74,74,69,67,78,76,77,79,0,75,61,77,87,82,80,75,0,54,72,70,76,60,65
77,3.025,gold,David,Pizarro,CM,Santiago Wanderers,Campeonato Scotiabank,Chile,36,170,65,57,78,61,50,77,66,71,65,0,72,84,83,83,55,55,79,80,85,46,67,84,0,65,55,71,54,53,55,62,0,76,59,57,87,59,75
77,3.525,gold,Jaime,Vald??s,CM,Colo-Colo,Campeonato Scotiabank,Chile,35,175,71,72,77,71,71,79,73,75,80,0,74,75,80,84,70,65,73,77,80,45,56,82,0,34,33,53,79,57,62,44,0,79,61,29,82,67,75
76,2.954,gold,Fernando,Belluschi,CM,San Lorenzo de Almagro,LIGA Bancomer MX,Argentina,32,173,71,70,80,74,70,77,71,83,81,0,80,74,78,82,78,66,76,85,78,58,55,77,0,49,67,69,67,59,64,54,0,80,73,45,80,75,80
75,2.625,gold,Antonio,Nocerino,CM,Milan,Serie A TIM,Italy,30,175,75,75,75,72,74,76,76,80,78,0,78,82,73,75,75,65,72,67,74,67,74,77,0,80,75,74,87,75,80,73,0,60,85,71,72,74,74
74,2.025,rare_silver,Vadis,Odjidja-Ofoe,CM,Norwich City,Football League Championship,Belgium,26,185,91,69,72,72,69,72,69,79,77,0,66,51,73,76,68,67,67,64,72,68,72,76,0,70,77,70,84,83,81,69,0,72,75,64,75,66,74
74,2.632,rare_silver,Jonny,Howson,CM,Norwich City,Barclays Premier League,England,27,181,77,68,72,71,68,74,68,75,77,0,72,69,72,71,71,68,60,66,74,45,70,77,0,64,58,61,88,64,71,57,0,63,69,43,76,60,71
74,2.235,rare_silver,Thulani,Serero,CM,Ajax,Eredivisie,South Africa,25,168,59,85,79,49,84,72,87,50,44,0,84,92,67,82,66,50,45,66,64,46,74,82,0,48,64,80,88,32,54,64,0,43,65,55,70,47,49
71,2.324,silver,Harmeet,Singh,CM,Molde FK,Tippeligaen,Norway,25,180,72,68,70,64,65,73,72,75,69,0,68,67,69,74,69,55,61,71,71,67,61,73,0,58,71,65,81,68,72,61,0,60,70,56,72,70,71
69,2.001,silver,David,Cabrera,CM,U.N.A.M.,LIGA Bancomer MX,Mexico,26,178,72,68,68,58,68,66,68,72,62,0,73,66,71,71,61,50,67,70,70,50,60,74,0,60,58,72,81,71,72,61,0,68,68,60,72,47,58
68,1.998,silver,Simone,Pesce,CM,Novara,Serie B,Italy,33,172,70,70,69,66,67,71,73,70,69,0,70,88,68,70,67,63,68,71,65,54,61,69,0,60,62,63,74,62,67,58,0,68,71,51,66,60,62
95,15.556,legend,Edson,Arantes Nascimento,CF,Legends,Legends,Brazil,75,174,70,95,94,89,95,96,95,84,87,0,94,94,89,94,96,91,87,81,85,83,46,89,0,42,86,61,88,71,73,53,0,86,55,48,96,90,88
90,10.025,legend,Dennis,Bergkamp,CF,Legends,Legends,Holland,46,183,78,83,87,90,82,90,85,90,82,0,82,88,83,89,93,92,76,72,81,51,32,89,0,16,77,21,81,77,79,26,0,86,84,17,84,91,96
88,8.654,legend,Brian,Laudrup,CF,Legends,Legends,Denmark,46,186,78,87,88,83,87,87,88,83,81,0,85,71,80,88,85,84,72,78,77,71,27,84,0,20,65,22,81,67,65,27,0,76,42,19,84,74,80
87,7.985,legend,Gianfranco,Zola,CF,Legends,Legends,Italy,49,168,67,85,89,82,82,87,88,75,81,0,85,88,84,90,87,85,82,90,83,58,35,87,0,20,55,22,74,57,62,32,0,88,62,31,79,78,84
86,8.002,legend,Landon,Donovan,CF,Legends,Legends,United States,33,173,73,87,83,84,87,87,86,82,81,0,82,79,81,85,87,87,83,77,74,57,43,85,0,32,64,42,84,59,67,42,0,71,66,41,83,80,86
86,7.895,rare_gold,Thomas,M??ller,CF,FC Bayern Munich,Bundesliga,Germany,26,186,75,77,79,84,78,91,76,73,80,0,75,73,80,81,94,89,79,81,77,82,41,83,0,44,81,58,90,68,72,46,0,59,57,32,85,83,90
85,7.625,totw_gold,Philippe,Coutinho Correia,CF,Liverpool,Barclays Premier League,Brazil,23,171,68,83,88,79,77,75,90,84,85,0,92,92,83,89,81,74,75,86,79,49,40,87,0,37,63,31,78,58,60,35,0,73,37,25,89,80,68
83,6.568,totw_gold,Max,Kruse,CF,VfL Wolfsburg,Bundesliga,Germany,27,180,76,77,86,86,78,87,75,84,83,0,80,79,83,86,89,87,85,80,73,61,39,86,0,40,72,40,88,75,77,42,0,73,68,36,85,84,90
82,6.012,rare_gold,Daniel,Parejo Mu??oz,CF,Valencia CF,Liga BBVA,Spain,26,180,75,59,80,75,57,74,62,78,81,0,75,70,87,86,76,70,84,83,86,56,55,91,0,51,60,72,81,73,70,57,0,82,51,52,87,74,82
81,5.654,rare_gold,Antonio,Cassano,CF,Sampdoria,Serie A TIM,Italy,33,175,80,53,85,78,52,84,55,74,79,0,65,82,87,90,79,78,87,87,84,53,15,89,0,10,39,17,55,74,59,18,0,79,31,12,87,81,84
81,5.321,gold,Raffael Caetano,de Ara??jo,CF,Borussia M??nchengladbach,Bundesliga,Brazil,30,174,69,74,85,77,72,83,77,77,77,0,84,83,79,83,82,78,73,80,76,63,42,82,0,31,71,53,76,63,67,41,0,73,66,29,81,74,72
81,5.325,rare_gold,J??r??my,M??nez,CF,Milan,Serie A TIM,France,28,182,73,86,85,77,87,77,85,73,70,0,84,76,71,87,79,81,70,80,60,61,30,76,0,28,69,34,68,60,60,32,0,70,48,24,71,76,84
79,4.958,gold,Franco,V??zquez,CF,Palermo,Serie A TIM,Italy,26,186,82,69,82,76,69,76,69,79,81,0,74,48,78,87,73,73,71,79,77,67,40,83,0,37,55,47,76,74,70,42,0,65,55,33,80,77,71
79,4.952,gold,Eder,Citadin Martins,CF,Inter,Serie A TIM,Italy,29,178,74,85,81,78,84,75,87,81,76,0,84,82,73,81,78,78,71,78,55,63,20,78,0,26,53,23,72,57,61,25,0,76,61,18,78,74,77
78,4.035,rare_gold,Sadio,Man??,CF,Southampton,Barclays Premier League,Senegal,23,175,75,91,81,73,91,75,91,73,66,0,88,85,70,77,77,76,68,74,67,53,33,73,0,38,58,29,65,66,64,35,0,64,61,33,69,66,71
77,3.958,rare_gold,Rafael Augusto,S??bis do Nascimento,CF,Tigres U.A.N.L.,LIGA Bancomer MX,Brazil,30,175,77,71,78,79,70,76,72,80,79,0,77,70,74,80,77,80,73,77,70,65,26,74,0,18,61,61,72,77,72,36,0,75,61,27,75,71,71
77,3.021,rare_gold,Alessio,Cerci,CF,Milan,Serie A TIM,Italy,28,180,78,85,82,74,86,69,84,77,78,0,80,78,77,83,75,71,80,85,72,60,31,77,0,24,66,40,69,76,72,33,0,78,66,24,74,72,78
77,2.985,rare_gold,Admir,Mehmedi,CF,Bayer 04 Leverkusen,Bundesliga,Switzerland,24,183,80,77,82,75,79,78,75,82,74,0,81,78,71,79,76,73,68,73,63,60,40,75,0,36,61,42,75,73,72,39,0,62,68,29,75,72,69
76,2.654,gold,Javier,Saviola,CF,River Plate,Primera Divisi??n,Argentina,34,168,60,73,81,67,69,69,77,57,65,0,82,90,71,85,79,69,69,79,57,55,25,74,0,21,64,24,54,36,44,27,0,59,45,23,79,77,75
75,2.652,gold,Alessandro,Diamanti,CF,Watford,Barclays Premier League,Italy,32,180,73,67,80,71,66,66,69,81,78,0,69,72,78,84,76,62,78,86,76,61,32,79,0,28,52,34,68,62,63,32,0,82,64,24,76,76,69
71,1.958,silver,Jan,Rosenthal,CF,SV Darmstadt 98,Bundesliga,Germany,29,186,73,67,71,70,68,75,66,72,69,0,73,66,69,70,76,70,68,73,67,67,34,71,0,35,68,37,62,65,63,37,0,53,57,31,73,71,58
70,1.686,silver,Giles,Barnes,CF,Houston Dynamo,Major League Soccer,Jamaica,27,185,83,75,69,71,76,72,74,79,74,0,69,61,65,67,70,71,69,63,58,64,44,65,0,22,61,56,82,73,73,43,0,72,63,32,64,49,59
70,1.657,silver,Yoichiro,Kakitani,CF,FC Basel,Raiffeisen Super League,Japan,26,177,68,83,73,68,83,69,84,68,62,0,84,74,56,72,74,72,46,57,51,55,18,66,0,18,70,20,60,53,51,20,0,30,28,11,58,55,56
69,1.663,totw_silver,Deniz,Kadah,CF,??aykur Rizespor,S??per Lig,Turkey,29,186,80,70,67,74,70,70,70,77,63,0,70,62,60,68,74,78,61,55,56,78,35,65,0,26,71,24,72,75,70,30,0,57,53,12,52,61,74
69,1.235,silver,Siebe,Schrijvers,CF,Waasland-Beveren,Belgium Pro League,Belgium,19,181,61,77,74,61,76,69,78,60,58,0,84,78,66,73,68,62,64,54,61,55,24,71,0,25,72,25,63,38,44,27,0,47,28,22,69,60,63
69,1.235,silver,Maximilian,Philipp,CF,SC Freiburg,Bundesliga 2,Germany,21,184,77,79,74,62,77,68,81,67,58,0,78,70,64,74,69,60,60,61,56,53,27,71,0,25,59,39,62,65,62,31,0,58,55,23,64,60,61
67,1.654,silver,Felipe Diogo,Sodinha Monteiro,CF,Trapani,Serie B,Brazil,27,180,87,58,74,59,50,70,68,68,62,0,69,70,66,76,63,54,60,65,65,52,37,71,0,23,27,20,56,78,61,27,0,61,32,15,68,58,61
67,1.233,silver,Marco,Sailer,CF,SV Darmstadt 98,Bundesliga,Germany,30,171,77,74,68,61,73,67,75,66,59,0,75,82,62,67,67,61,59,46,54,64,31,67,0,28,69,40,83,71,76,35,0,54,82,27,70,62,48
66,1.024,silver,Deni,Alar,CF,SK Rapid Wien,??sterreichische Fu??ball-Bundesliga,Austria,26,185,78,75,68,66,74,62,76,71,63,0,70,67,56,72,66,67,53,65,54,60,28,56,0,23,69,24,68,66,65,30,0,63,57,30,59,63,59
64,1.002,bronze,Jeppe,Curth,CF,Viborg FF,Alka Superliga,Denmark,31,178,75,62,63,60,61,71,63,64,57,0,70,69,59,62,66,60,48,55,57,69,33,63,0,26,84,50,69,72,66,37,0,53,43,25,69,59,56
89,8.655,legend,Gheorghe,Hagi,CAM,Legends,Legends,Romania,51,172,68,84,85,85,84,85,84,83,88,0,81,74,88,88,85,83,90,86,88,55,46,88,0,41,77,44,83,60,66,42,0,92,55,34,88,84,91
89,8.55,legend,Michael,Laudrup,CAM,Legends,Legends,Denmark,51,183,78,85,89,73,84,86,86,76,69,0,89,73,87,87,84,71,87,83,81,69,38,88,0,28,65,37,78,65,64,38,0,78,42,30,91,75,80
89,8.223,totw_gold,Mesut,??zil,CAM,Arsenal,Barclays Premier League,Germany,27,183,76,74,89,80,69,90,79,75,81,0,86,72,90,93,89,80,84,88,84,60,18,92,0,21,56,27,69,60,62,27,0,83,58,24,97,83,82
88,7.658,legend,C??sar Costa,Rui Manuel,CAM,Legends,Legends,Portugal,43,180,74,84,86,80,86,85,81,85,84,0,81,80,86,89,86,75,86,86,85,48,40,86,0,41,79,64,86,81,76,43,0,91,51,32,88,82,84
88,7.654,legend,Jari,Litmanen,CAM,Legends,Legends,Finland,44,181,76,82,81,87,83,88,81,82,86,0,78,72,83,86,94,89,76,84,75,72,23,88,0,20,63,42,87,69,64,32,0,79,22,26,86,90,87
88,7.652,rare_gold,David Josu??,Jimenez Silva,CAM,Manchester City,Barclays Premier League,Spain,30,170,67,73,89,74,68,84,79,71,79,0,93,88,89,91,83,72,85,83,85,54,30,92,0,29,66,41,68,56,58,32,0,77,51,23,93,80,77
88,7.012,totw_gold,Kevin,De Bruyne,CAM,Manchester City,Barclays Premier League,Belgium,24,181,76,79,89,87,78,87,76,84,86,0,78,76,89,86,83,82,90,77,82,53,39,88,0,40,65,52,85,74,80,42,0,77,68,30,88,82,77
87,6.995,legend,Jay-Jay,Okocha,CAM,Legends,Legends,Nigeria,42,173,70,84,90,80,82,67,87,87,86,0,91,88,81,90,78,74,76,80,77,62,34,82,0,23,54,46,64,62,58,35,0,83,41,23,87,81,84
87,6.584,legend,Anderson Luis,de Souza,CAM,Legends,Legends,Portugal,38,174,73,83,88,78,81,85,86,75,85,0,86,73,89,91,83,76,83,86,89,62,45,92,0,36,42,32,82,65,68,39,0,84,65,32,90,75,78
87,6.562,rare_gold,James,Rodr??guez,CAM,Real Madrid CF,Liga BBVA,Colombia,24,180,75,78,85,86,78,85,78,86,87,0,83,74,84,85,83,85,84,82,80,68,36,84,0,30,55,58,74,71,72,40,0,81,74,25,87,91,81
87,6.324,totw_gold,Thomas,M??ller,CAM,FC Bayern Munich,Bundesliga,Germany,26,186,75,78,81,86,79,93,76,74,81,0,76,74,83,83,96,91,81,84,79,83,41,86,0,44,84,59,93,70,75,47,0,61,59,32,88,84,92
86,5.356,legend,Stefan,Effenberg,CAM,Legends,Legends,Germany,47,188,88,74,80,82,74,88,75,87,86,0,74,68,82,84,79,78,73,76,84,77,79,87,0,78,72,86,89,85,85,74,0,73,82,59,85,77,90
81,4.654,rare_gold,Ricardo Izecson,dos Santos Leite,CAM,Orlando City Soccer Club,Major League Soccer,Brazil,33,186,83,68,80,78,69,77,67,76,80,0,69,64,81,84,79,76,77,84,73,52,31,84,0,31,55,42,55,70,60,30,0,70,45,14,86,86,84
81,4.651,gold,Bojan,Krkic Perez,CAM,Stoke City,Barclays Premier League,Spain,25,170,65,79,85,73,76,79,83,77,74,0,83,84,78,84,76,71,68,83,77,42,22,81,0,19,48,29,67,42,46,24,0,66,30,20,83,79,68
80,3.985,rare_gold,Taison,Barcellos Freda,CAM,Shakhtar Donetsk,Ukrayina Liha,Brazil,28,172,64,90,85,77,89,79,91,83,80,0,89,83,74,85,74,73,73,52,75,58,53,77,0,40,62,49,70,62,63,47,0,65,56,38,79,82,75
80,3.658,totw_gold,Alexander,Meier,CAM,Eintracht Frankfurt,Bundesliga,Germany,33,196,96,55,73,86,55,82,55,87,82,0,57,41,79,81,87,87,71,90,79,79,55,80,0,45,49,63,68,90,77,55,0,76,61,43,81,86,84
79,3.245,rare_gold,Cleiton,Ribeiro Xavier,CAM,Sociedade Esportiva Palmeiras,Liga do Brasil,Brazil,32,178,72,75,76,75,75,79,74,76,82,0,70,78,82,80,85,71,83,82,82,65,61,80,0,50,68,55,69,70,67,61,0,80,57,66,84,60,78
79,3.235,gold,Diego,Ribas da Cunha,CAM,Fenerbah??e SK,S??per Lig,Brazil,30,173,73,74,82,72,74,72,75,74,75,0,81,84,76,83,70,67,50,85,82,53,36,83,0,34,75,34,60,61,61,34,0,85,61,26,80,80,84
78,3.125,rare_gold,Manolo,Gabbiadini,CAM,Napoli,Serie A TIM,Italy,24,186,81,82,79,82,84,79,79,88,86,0,74,57,72,83,80,79,70,79,65,73,26,73,0,22,77,15,75,76,75,27,0,82,70,22,74,77,71
78,3.122,gold,Gast??n,Ram??rez,CAM,Southampton,Barclays Premier League,Uruguay,25,183,78,74,81,75,71,74,77,77,78,0,81,66,77,82,76,74,74,80,73,57,48,78,0,44,70,32,69,59,62,41,0,75,57,33,79,74,73
78,3.012,gold,Maximilian,Meyer,CAM,FC Schalke 04,Bundesliga,Germany,20,173,68,75,84,62,69,77,83,54,60,0,90,90,76,83,73,67,72,74,72,37,36,80,0,27,59,41,75,37,52,35,0,61,61,32,80,60,53
77,3.036,gold,Jonathan,De Guzm??n,CAM,Napoli,Serie A TIM,Holland,28,173,70,78,80,75,78,71,79,85,83,0,80,87,78,83,69,68,77,85,74,53,53,78,0,50,78,49,69,63,65,52,0,83,63,52,79,69,69
76,3.003,gold,Manuel,Lanzini,CAM,West Ham United,Barclays Premier League,Argentina,22,170,66,82,82,66,79,73,86,69,62,0,87,87,75,81,72,67,74,74,75,59,19,77,0,16,76,23,79,34,45,22,0,72,22,13,74,59,67
75,2.325,gold,Wes,Hoolahan,CAM,Norwich City,Barclays Premier League,Republic of Ireland,33,168,71,65,77,68,61,74,70,70,69,0,78,85,74,80,72,66,71,65,66,43,54,77,0,45,33,35,64,50,50,45,0,67,39,44,80,62,77
75,2.321,gold,Stephen,Ireland,CAM,Stoke City,Barclays Premier League,Republic of Ireland,29,173,66,62,78,67,55,80,70,62,64,0,76,78,73,79,77,69,63,71,66,42,48,81,0,50,60,54,68,57,60,46,0,60,60,38,76,80,66
74,2.221,rare_silver,Bruno,Ferreira Bonfim,CAM,Shakhtar Donetsk,Ukrayina Liha,Brazil,27,176,71,79,78,71,77,73,81,68,73,0,72,67,67,80,72,72,65,69,61,70,46,72,0,42,55,45,71,63,66,49,0,46,68,49,71,71,64
74,2.012,rare_silver,Mauro,D??az,CAM,FC Dallas,Major League Soccer,Argentina,24,170,62,74,78,67,73,73,75,70,66,0,85,82,73,77,70,67,68,71,67,54,14,76,0,12,69,32,73,54,58,30,0,74,48,41,76,62,59
73,2.003,rare_silver,Carlos Eduardo,Marques,CAM,Rubin Kazan,Sogaz Russian Football Championship,Brazil,28,171,68,81,79,66,78,68,84,72,65,0,75,82,69,78,71,63,67,71,69,45,22,71,0,24,50,26,53,64,57,23,0,70,47,13,69,68,67
72,1.035,rare_silver,Ant??nio,Naelson Mat??as,CAM,Quer??taro,LIGA Bancomer MX,Mexico,39,164,66,64,77,68,65,66,63,65,69,0,67,90,72,78,67,68,68,70,72,58,47,75,0,12,68,34,48,63,57,35,0,66,52,23,73,67,70
69,1.125,rare_silver,Jin Hyung,Song,CAM,Jeju United FC,K LEAGUE Classic,Korea Republic,28,176,69,85,70,61,84,74,87,63,59,0,92,73,66,67,66,61,65,64,62,42,64,65,0,53,43,52,76,60,65,58,0,71,67,62,73,58,67
91,11.354,legend,Lothar,Matth??us,CDM,Legends,Legends,Germany,54,174,71,86,77,86,84,87,88,91,93,0,74,79,86,87,86,81,81,72,90,77,91,86,0,90,72,91,89,75,82,88,0,90,93,87,91,77,91
87,7.354,legend,Gennaro,Gattuso,CDM,Legends,Legends,Italy,38,177,77,66,65,55,61,91,71,75,53,0,64,82,72,74,64,45,52,39,83,45,92,87,0,84,54,92,93,94,92,85,0,35,96,88,75,58,59
87,7.245,rare_gold,Philipp,Lahm,CDM,FC Bayern Munich,Bundesliga,Germany,32,170,66,75,85,56,74,91,77,57,65,0,83,93,84,87,69,47,84,77,84,63,87,88,0,95,72,93,84,59,66,87,0,59,58,87,83,66,71
86,6.354,rare_gold,Sergio,Busquets Burgos,CDM,FC Barcelona,Liga BBVA,Spain,27,189,76,53,74,59,51,83,56,61,54,0,57,55,77,83,77,60,62,66,81,70,86,83,0,80,66,86,86,77,80,83,0,68,86,83,85,44,60
85,63.25,totw_gold,Miralem,Pjani??,CDM,Roma,Serie A TIM,Bosnia and Herzegovina,25,180,74,73,85,78,73,83,73,82,87,0,76,78,87,90,80,72,78,82,87,67,74,91,0,72,70,74,80,63,70,70,0,87,71,63,90,73,82
84,6.154,rare_gold,Xabier,Alonso Olano,CDM,FC Bayern Munich,Bundesliga,Spain,34,183,80,33,77,69,33,86,32,81,82,0,58,67,88,84,77,56,79,82,93,72,77,92,0,71,46,86,62,74,70,76,0,84,78,70,88,71,80
84,6.562,rare_gold,Blaise,Matuidi,CDM,Paris Saint-Germain,Ligue 1,France,28,175,70,75,75,67,76,83,74,74,66,0,77,79,77,77,70,65,75,65,79,73,84,84,0,83,83,86,94,73,81,83,0,52,84,82,74,72,56
84,5.654,rare_gold,Nemanja,Mati??,CDM,Chelsea,Barclays Premier League,Serbia,27,194,84,67,75,70,68,84,66,78,75,0,53,53,77,79,70,64,68,68,81,77,85,84,0,78,71,88,90,90,88,82,0,67,83,78,77,74,69
81,5.234,rare_gold,Thiago,Motta,CDM,Paris Saint-Germain,Ligue 1,Italy,33,187,83,44,72,66,45,78,42,82,73,0,47,50,77,80,65,54,66,67,85,79,80,84,0,75,83,81,74,83,82,77,0,67,87,72,76,76,70
80,5.021,rare_gold,G??khan,Inler,CDM,Leicester City,Barclays Premier League,Switzerland,31,183,80,67,74,71,65,76,69,89,86,0,68,59,78,79,70,56,70,64,84,68,80,82,0,78,75,80,79,76,78,76,0,68,80,70,79,78,74
80,5.025,rare_gold,Roberto,Trashorras Gayoso,CDM,Rayo Vallecano,Liga BBVA,Spain,34,179,71,40,74,70,34,84,47,74,77,0,49,63,86,82,64,67,78,86,90,49,77,90,0,61,33,80,70,71,70,72,0,87,79,72,85,62,70
80,5.002,rare_gold,Fran. Javier,Garc??a Fern??ndez,CDM,Zenit St. Petersburg,Sogaz Russian Football Championship,Spain,28,185,80,63,68,67,65,79,61,82,74,0,62,55,75,74,63,60,69,68,76,86,79,82,0,74,90,85,77,89,86,80,0,63,89,77,73,59,61
80,5.056,rare_gold,Sven,Bender,CDM,Borussia Dortmund,Bundesliga,Germany,26,186,80,65,63,55,66,80,64,73,62,0,60,62,65,71,49,44,52,33,73,77,86,77,0,87,77,86,91,77,82,84,0,40,87,81,66,54,52
79,4.985,rare_gold,Fernando,Reges,CDM,Manchester City,Barclays Premier League,Brazil,28,185,76,67,68,61,68,79,66,76,68,0,79,57,68,74,59,54,60,65,73,70,82,75,0,85,72,83,84,81,82,81,0,53,87,82,65,41,54
79,4.895,rare_gold,Steven,N'Zonzi,CDM,Sevilla FC,Liga BBVA,France,27,190,75,69,76,57,70,75,68,75,63,0,65,61,73,81,66,46,64,73,78,79,78,83,0,71,64,82,85,83,83,77,0,42,87,73,70,50,57
79,4.758,rare_gold,Christoph,Kramer,CDM,Bayer 04 Leverkusen,Bundesliga,Germany,24,191,80,67,73,45,67,82,66,53,40,0,66,52,70,77,70,41,61,54,73,58,81,78,0,76,51,82,95,69,77,78,0,51,79,79,70,42,47
78,4.564,gold,Scott,Parker,CDM,Fulham,Football League Championship,England,35,175,69,57,74,66,49,83,67,79,69,0,71,80,71,74,64,58,67,74,68,77,82,79,0,79,71,81,82,70,77,79,0,66,88,76,66,69,71
78,4.652,gold,Eugen,Polanski,CDM,TSG 1899 Hoffenheim,Bundesliga,Poland,29,183,78,63,68,71,63,79,64,79,81,0,64,64,73,74,66,63,67,74,74,67,82,78,0,79,78,82,79,77,80,78,0,71,88,74,69,71,79
78,4.442,gold,Pontus,Wernbloom,CDM,CSKA Moscow,Sogaz Russian Football Championship,Sweden,29,187,85,52,67,68,54,77,50,83,76,0,53,55,67,75,76,59,58,53,72,87,77,77,0,78,49,78,93,83,85,78,0,32,89,75,69,46,66
78,4.325,gold,Youssouf,Mulumbu,CDM,Norwich City,Barclays Premier League,Congo DR,29,177,76,66,72,63,64,77,68,72,62,0,66,76,68,74,66,62,58,44,70,63,82,81,0,75,68,84,86,78,80,77,0,53,79,73,66,34,57
77,4.221,gold,Christian,Noboa,CDM,FC Rostov,Sogaz Russian Football Championship,Ecuador,30,183,75,73,77,68,73,70,73,62,75,0,77,66,80,82,75,67,78,76,79,75,74,81,0,75,79,73,91,71,76,75,0,82,68,77,81,63,80
77,3.956,gold,Mirko,Valdifiori,CDM,Napoli,Serie A TIM,Italy,29,185,70,68,72,59,68,79,68,71,71,0,69,60,81,80,63,49,81,70,85,66,71,82,0,71,68,75,79,69,74,69,0,74,81,63,83,59,52
77,3.854,rare_gold,Victor,Wanyama,CDM,Southampton,Barclays Premier League,Kenya,24,188,76,66,72,66,69,79,62,79,64,0,72,66,67,72,64,62,63,62,68,73,83,72,0,79,81,79,84,92,89,78,0,57,90,74,64,62,65
77,3.652,rare_gold,Osvaldo,Alonso,CDM,Seattle Sounders FC,Major League Soccer,Cuba,30,180,75,80,73,62,79,74,82,84,64,0,72,75,68,74,66,50,47,66,77,66,79,80,0,76,68,76,83,80,81,76,0,51,82,77,67,66,66
77,3.023,gold,Benjamin,Stambouli,CDM,Paris Saint-Germain,Ligue 1,France,25,180,82,65,71,60,64,75,66,65,63,0,79,64,67,76,70,59,45,47,74,65,78,77,0,73,71,77,83,73,77,76,0,59,81,77,73,40,50
77,2.035,rare_gold,Carlos Henrique,Venancio Casimiro,CDM,Real Madrid CF,Liga BBVA,Brazil,23,184,80,67,73,68,67,74,66,86,75,0,66,59,70,77,66,59,52,61,80,77,79,78,0,74,85,79,78,80,81,75,0,74,87,69,68,50,66
76,2.321,gold,Mathieu,Flamini,CDM,Arsenal,Barclays Premier League,France,31,178,67,67,71,65,67,74,68,78,66,0,63,72,71,75,69,58,70,65,71,70,79,76,0,77,70,77,81,73,77,77,0,56,83,78,68,71,61
76,2.125,gold,Gelson,Tavares Fernandes,CDM,Stade Rennais FC,Ligue 1,Switzerland,29,179,70,71,69,60,72,72,69,69,58,0,67,66,70,69,63,58,65,57,70,63,80,77,0,75,70,78,92,73,80,76,0,55,87,77,68,61,50
75,2.225,gold,Mehdi,Lacen,CDM,Getafe CF,Liga BBVA,Algeria,31,175,72,66,78,61,66,76,66,74,68,0,79,75,78,80,67,52,67,82,75,57,74,86,0,58,74,73,75,73,73,69,0,75,68,69,77,65,59
75,2.012,gold,Francisco,Rico Casta??o,CDM,Granada CF,Liga BBVA,Spain,28,178,72,66,71,65,65,77,68,67,74,0,68,74,79,79,58,61,69,77,83,55,74,84,0,66,60,72,68,66,67,70,0,80,72,70,79,51,77
94,16.333,toty,Thiago Emiliano,da Silva,CB,Paris Saint-Germain,Ligue 1,Brazil,31,183,79,82,80,65,84,92,79,88,80,0,82,74,81,87,67,43,66,67,89,87,97,87,0,94,99,97,83,91,89,96,0,81,86,96,82,71,80
93,12.523,legend,Franz,Beckenbauer,CB,Legends,Legends,Germany,70,181,75,82,79,69,81,92,83,75,79,0,80,66,83,89,67,62,64,76,94,90,96,92,0,91,86,96,85,86,81,94,0,74,63,94,82,64,76
92,11.253,legend,Paolo,Maldini,CB,Legends,Legends,Italy,47,187,85,86,67,56,85,91,87,70,30,0,65,69,74,72,35,62,83,31,79,91,96,83,0,94,82,94,84,84,80,95,0,26,66,95,68,65,54
92,10.985,legend,Franco,Baresi,CB,Legends,Legends,Italy,55,176,70,76,70,39,75,89,77,47,42,0,75,84,73,89,39,31,58,56,83,84,96,86,0,92,85,95,91,79,82,94,0,48,79,94,68,41,65
90,8.654,legend,Alessandro,Nesta,CB,Legends,Legends,Italy,39,187,79,67,61,32,64,89,70,48,34,0,38,51,62,78,37,22,49,46,62,86,93,80,0,92,84,89,33,91,76,92,0,25,88,94,55,37,42
89,8.654,legend,Marcel,Desailly,CB,Legends,Legends,France,47,183,85,82,66,51,82,84,81,73,59,0,61,60,64,73,51,38,45,49,71,88,87,72,0,85,83,88,80,91,88,88,0,41,92,90,72,51,55
89,8.526,legend,Fabio,Cannavaro,CB,Legends,Legends,Italy,42,176,75,73,65,39,77,89,69,55,49,0,81,82,57,67,36,27,52,63,61,90,93,67,0,86,93,88,74,87,81,91,0,34,71,93,46,39,54
89,8.547,legend,Fernando,Hierro Ruiz,CB,Legends,Legends,Spain,47,187,84,70,72,67,70,84,70,82,77,0,54,61,70,71,66,54,66,55,88,92,88,74,0,85,91,91,78,88,83,89,0,60,73,89,60,77,70
89,8.523,totw_gold,Thiago Emiliano,da Silva,CB,Paris Saint-Germain,Ligue 1,Brazil,31,183,79,75,75,58,77,86,72,79,72,0,77,69,75,82,60,38,61,62,83,83,93,81,0,90,96,93,76,84,82,92,0,75,79,92,76,64,72
89,7.654,totw_gold,Diego,God??n,CB,Atl??tico Madrid,Liga BBVA,Uruguay,29,185,73,74,70,58,75,93,71,80,51,0,70,65,73,82,58,50,63,56,79,99,92,88,0,96,98,92,84,89,90,94,0,59,96,92,60,56,60
88,7.652,rare_gold,Thiago Emiliano,da Silva,CB,Paris Saint-Germain,Ligue 1,Brazil,31,183,79,74,73,57,76,84,72,78,71,0,75,68,73,80,59,38,60,61,81,82,91,79,0,89,93,91,74,81,79,90,0,73,77,90,74,63,71
88,7.356,totw_gold,Giorgio,Chiellini,CB,Juventus,Serie A TIM,Italy,31,186,76,78,60,48,80,82,75,80,50,0,67,71,57,54,33,34,63,61,66,85,93,58,0,93,92,88,71,92,87,92,0,31,91,93,46,45,51
87,7.653,rare_gold,Sergio,Ramos Garc??a,CB,Real Madrid CF,Liga BBVA,Spain,29,183,75,79,66,60,79,82,79,71,55,0,82,60,71,83,52,59,74,73,70,86,89,76,0,90,91,88,81,80,81,87,0,64,83,85,63,55,68
87,5.958,rare_gold,J??r??me,Boateng,CB,FC Bayern Munich,Bundesliga,Germany,27,192,90,79,68,50,83,83,74,79,58,0,58,54,69,73,47,34,69,56,74,87,90,75,0,91,76,84,75,90,84,87,0,31,82,84,67,53,46
86,6.023,legend,Sol,Campbell,CB,Legends,Legends,England,41,188,86,78,48,35,78,82,78,62,26,0,50,50,55,55,41,28,40,19,64,91,82,74,0,87,81,83,76,93,86,85,0,15,84,88,51,23,37
86,6.215,legend,Frank,De Boer,CB,Legends,Legends,Holland,45,179,79,66,65,61,66,90,65,79,63,0,60,61,79,74,61,51,72,86,87,85,87,80,0,88,78,94,84,74,78,88,0,84,79,86,74,45,81
86,5.885,rare_gold,Mats,Hummels,CB,Borussia Dortmund,Bundesliga,Germany,27,191,92,64,70,58,66,85,62,71,51,0,60,58,74,77,56,55,64,65,84,90,87,78,0,86,70,91,67,86,77,88,0,53,71,86,79,60,68
86,5.328,totw_gold,Ronaldo,Aparecido Rodrigues,CB,VfL Wolfsburg,Bundesliga,Brazil,33,198,89,74,65,70,79,85,67,93,83,0,58,43,66,71,53,57,46,53,72,95,90,78,0,86,50,95,65,89,80,90,0,78,80,86,60,60,60
84,4.985,totw_gold,Aymeric,Laporte,CB,Athletic Club de Bilbao,Liga BBVA,France,21,189,85,74,62,42,75,83,71,80,31,0,50,56,60,72,39,29,32,52,80,86,90,71,0,86,78,86,73,85,80,88,0,78,73,88,49,35,40
83,4.986,rare_gold,Per,Mertesacker,CB,Arsenal,Barclays Premier League,Germany,31,198,90,31,48,41,33,84,29,71,25,0,29,28,57,65,43,36,38,39,58,87,88,71,0,86,33,88,64,88,75,88,0,45,69,88,58,30,42
83,4.851,rare_gold,J??r??my,Mathieu,CB,FC Barcelona,Liga BBVA,France,32,189,84,76,55,64,79,78,72,80,77,0,65,50,66,65,48,52,79,79,76,80,86,66,0,80,72,85,69,90,82,84,0,70,81,83,42,68,60
83,4.785,rare_gold,Nemanja,Vidi??,CB,Inter,Serie A TIM,Serbia,34,190,88,52,50,33,55,73,49,56,28,0,50,47,48,58,20,26,34,42,57,85,86,58,0,83,85,85,52,92,80,85,0,32,85,86,44,35,43
83,4.657,rare_gold,Javier,Mascherano,CB,FC Barcelona,Liga BBVA,Argentina,31,174,73,68,69,59,68,83,69,76,59,0,72,79,70,82,51,51,63,63,75,66,87,78,0,87,75,92,87,74,80,85,0,50,89,84,68,59,64
83,4.586,rare_gold,Gary,Cahill,CB,Chelsea,Barclays Premier League,England,30,193,86,73,62,58,77,84,69,63,66,0,67,51,52,64,45,56,28,48,61,86,87,65,0,88,82,86,68,79,76,86,0,27,78,84,56,47,53
82,4.652,rare_gold,Jan,Vertonghen,CB,Tottenham Hotspur,Barclays Premier League,Belgium,28,189,86,71,69,67,72,80,69,86,68,0,68,55,70,74,65,60,68,58,74,84,85,75,0,81,80,82,79,81,81,83,0,73,83,81,62,52,68
82,4.358,rare_gold,Kamil,Glik,CB,Torino,Serie A TIM,Poland,28,190,80,62,53,24,65,76,59,57,20,0,33,55,43,59,24,11,29,35,59,88,85,59,0,84,79,86,69,88,82,85,0,26,86,85,23,17,39
82,4.963,rare_gold,Shkodran,Mustafi,CB,Valencia CF,Liga BBVA,Germany,23,184,82,69,55,57,69,76,70,66,52,0,68,70,62,64,50,60,51,55,66,80,84,74,0,82,82,85,75,82,80,83,0,47,79,81,52,33,54
81,4.578,rare_gold,Jos?? Miguel,da Rocha Fonte,CB,Southampton,Barclays Premier League,Portugal,32,187,81,56,62,35,57,84,55,29,29,0,62,56,52,64,40,40,36,33,54,77,85,63,0,84,73,85,69,83,79,84,0,32,84,84,55,34,43
81,3.863,rare_gold,Simon,Kj??r,CB,Fenerbah??e SK,S??per Lig,Denmark,26,189,90,66,53,42,69,78,62,70,41,0,48,58,63,67,31,32,54,52,70,81,85,76,0,81,62,84,78,83,80,84,0,54,82,85,49,37,46
81,3.684,rare_gold,Stefan,Savi??,CB,Atl??tico Madrid,Liga BBVA,Montenegro,25,186,73,67,56,35,68,78,66,43,31,0,60,54,52,68,29,34,35,34,69,81,82,67,0,84,84,85,67,77,76,84,0,28,85,86,41,27,37
81,3.652,totw_gold,Joel,Matip,CB,FC Schalke 04,Bundesliga,Cameroon,24,195,90,73,68,51,78,82,67,73,53,0,63,51,72,73,56,39,57,66,81,88,85,81,0,78,66,85,76,81,78,84,0,23,71,82,75,55,46
80,3.521,rare_gold,Daniel,Agger,CB,Br??ndby IF,Alka Superliga,Denmark,31,191,79,71,60,64,75,75,66,84,70,0,53,47,67,70,42,58,54,52,72,80,81,74,0,82,67,79,65,77,74,81,0,69,79,82,65,38,67
80,3.652,rare_gold,Ashley,Williams,CB,Swansea City,Barclays Premier League,Wales,31,181,91,68,62,43,70,77,65,64,40,0,58,59,55,69,28,37,32,34,74,82,85,70,0,79,86,83,73,86,82,81,0,23,83,76,53,34,45
79,3.021,gold,Matija,Nastasi??,CB,FC Schalke 04,Bundesliga,Serbia,22,187,79,70,51,31,74,79,66,44,22,0,64,58,55,66,30,27,46,29,63,79,84,69,0,86,81,78,65,78,74,82,0,32,75,81,46,32,47
78,3.002,rare_gold,Bernardo,Espinosa Zu??iga,CB,Real Sporting de Gij??n,Liga BBVA,Colombia,26,192,85,71,54,44,70,75,72,56,42,0,70,51,64,69,33,39,51,51,63,79,77,82,0,76,76,80,71,77,76,79,0,42,80,80,53,51,52
78,2.982,rare_gold,Thomas,Heurtaux,CB,Udinese,Serie A TIM,France,27,183,78,68,57,43,70,77,65,60,36,0,60,60,48,61,41,40,41,40,61,75,83,56,0,83,78,81,65,76,74,82,0,31,79,83,35,45,39
76,2.056,gold,R??ben Miguel,Nunes Vezo,CB,Valencia CF,Liga BBVA,Portugal,21,183,80,70,58,50,70,72,69,61,55,0,68,72,62,67,33,44,51,51,64,73,78,73,0,76,83,69,70,81,77,76,0,32,75,81,61,43,54
75,2.652,gold,Jemerson,de Jesus Nascimento,CB,Clube Atl??tico Mineiro,Liga do Brasil,Brazil,23,184,77,67,47,32,65,68,70,45,35,0,64,58,45,53,26,23,30,26,56,74,80,64,0,78,75,77,63,77,72,78,0,26,72,77,30,31,54
73,2.354,silver,Ramon,Leeuwin,CB,FC Utrecht,Eredivisie,Holland,28,187,76,70,56,46,73,64,67,50,58,0,67,60,62,67,54,36,59,47,69,74,73,68,0,70,88,77,75,83,78,73,0,41,67,72,59,45,65
72,2.125,silver,Eric,Mathoho,CB,Kaizer Chiefs,South African FL,South Africa,25,190,76,61,51,36,67,62,54,56,22,0,41,40,45,63,32,35,34,25,57,79,79,51,0,73,72,68,75,78,75,75,0,22,66,74,46,31,37
72,2.154,rare_silver,Frederico Andr??,Ferr??o Ven??ncio,CB,Vit??ria Set??bal,Liga NOS,Portugal,23,186,77,74,53,33,73,66,75,53,22,0,63,55,44,59,25,30,34,30,54,75,73,58,0,76,74,72,66,71,68,75,0,28,64,79,31,32,40
72,1.352,rare_silver,Matt,Hedges,CB,FC Dallas,Major League Soccer,United States,25,193,84,63,48,28,62,63,65,40,20,0,56,55,46,55,39,23,26,24,58,74,75,61,0,67,74,71,75,84,79,73,0,25,71,75,42,30,34
72,1.532,rare_silver,Felipe,Baloy,CB,Club Atlas,LIGA Bancomer MX,Panama,34,184,90,57,55,48,65,56,47,72,64,0,27,37,52,62,42,30,35,42,57,74,73,60,0,71,73,64,48,95,80,71,0,57,84,72,51,54,58
70,1.235,silver,John,Boye,CB,Medicana Sivasspor,S??per Lig,Ghana,28,185,72,67,58,21,67,66,66,43,23,0,70,68,57,58,23,11,55,36,64,70,69,68,0,63,80,69,72,74,75,69,0,16,79,71,51,11,28
69,1.333,rare_silver,N??stor,Araujo,CB,Santos Laguna,LIGA Bancomer MX,Mexico,24,188,85,62,50,42,70,65,53,68,39,0,32,36,47,55,30,34,32,47,50,69,71,57,0,69,28,66,59,90,75,69,0,45,71,70,43,36,41
89,8.231,toty,Marcelo,Vieira da Silva,LB,Real Madrid CF,Liga BBVA,Brazil,27,174,75,89,91,75,91,92,85,92,72,0,84,91,85,93,75,71,93,86,83,76,92,87,0,95,85,92,90,83,88,90,0,73,95,87,77,60,66
88,8.954,legend,Roberto Carlos,Da Silva Junior,LB,Legends,Legends,Brazil,42,168,70,91,79,81,90,87,93,94,90,0,74,85,84,85,66,74,86,91,82,74,84,85,0,86,83,87,88,84,85,82,0,93,83,79,80,76,79
85,7.652,rare_gold,David,Alaba,LB,FC Bayern Munich,Bundesliga,Austria,23,180,76,86,83,72,86,84,86,83,78,0,85,77,81,84,77,63,82,78,80,76,85,84,0,85,82,86,88,65,72,84,0,83,69,83,78,68,80
84,7.325,rare_gold,Jordi,Alba Ramos,LB,FC Barcelona,Liga BBVA,Spain,26,170,68,92,81,69,92,81,93,64,66,0,89,87,74,80,77,73,81,77,70,62,84,76,0,82,81,82,92,67,76,80,0,64,77,79,68,60,59
83,7.321,rare_gold,Leighton,Baines,LB,Everton,Barclays Premier League,England,31,170,70,75,77,75,75,80,76,84,75,0,75,85,81,76,75,70,91,81,74,74,84,81,0,84,72,80,86,69,74,82,0,82,74,83,76,63,90
83,7.215,rare_gold,Ricardo,Rodriguez,LB,VfL Wolfsburg,Bundesliga,Switzerland,23,181,77,75,78,67,76,85,74,78,73,0,75,73,82,80,65,59,92,82,78,74,84,80,0,86,75,84,78,74,76,84,0,86,79,85,75,66,82
83,7.352,totw_gold,Filipe Lu??s,Kasmirski,LB,Atl??tico Madrid,Liga BBVA,Brazil,30,182,77,83,80,70,86,86,78,80,67,0,77,63,80,82,80,66,86,77,81,67,84,78,0,87,64,81,92,76,80,83,0,78,77,86,73,63,73
82,7.126,rare_gold,C??sar,Azpilicueta Tanco,LB,Chelsea,Barclays Premier League,Spain,26,178,75,80,74,56,81,87,79,68,60,0,75,73,74,77,64,46,78,66,74,69,87,80,0,86,74,81,86,72,76,84,0,58,76,86,68,54,66
82,7.132,rare_gold,Alex Sandro,Lobo Silva,LB,Juventus,Serie A TIM,Brazil,25,180,78,85,81,65,85,82,85,75,68,0,77,75,75,81,76,59,82,73,73,64,83,77,0,86,75,79,85,71,75,80,0,59,74,82,70,61,59
82,7.103,totw_gold,Layvin,Kurzawa,LB,Paris Saint-Germain,Ligue 1,France,23,182,74,81,81,77,77,84,84,77,74,0,78,78,80,84,82,79,85,76,74,80,83,85,0,86,86,82,85,76,80,84,0,55,80,85,78,68,69
81,6.958,totw_gold,F??bio Alexandre,Silva Coentr??o,LB,AS Monaco,Ligue 1,Portugal,27,179,70,79,82,70,78,83,78,69,66,0,71,77,75,79,70,65,78,78,69,71,77,75,0,84,77,80,79,65,75,80,0,60,82,77,69,64,54
80,6.654,totw_gold,Mikel,Balenziaga,LB,Athletic Club de Bilbao,Liga BBVA,Spain,27,177,76,81,77,50,81,74,79,59,55,0,73,72,76,81,57,43,87,81,78,68,84,79,0,82,83,81,91,74,80,81,0,33,80,81,66,50,46
80,6.35,totw_gold,Faouzi,Ghoulam,LB,Napoli,Serie A TIM,Algeria,25,188,80,82,75,70,85,77,77,88,76,0,68,63,73,77,57,60,83,75,68,73,82,76,0,84,75,76,87,77,80,80,0,69,77,78,59,57,84
79,6.321,gold,Maxwell Scherer,Cabelino Andrade,LB,Paris Saint-Germain,Ligue 1,Brazil,34,176,73,73,79,68,74,80,71,71,69,0,76,72,79,83,75,67,83,69,82,72,82,82,0,79,72,78,83,70,74,79,0,52,74,79,77,67,59
79,6.32,rare_gold,Adriano,Correia Claro,LB,FC Barcelona,Liga BBVA,Brazil,31,173,73,76,82,71,74,83,78,88,85,0,79,78,77,82,77,59,81,84,77,66,78,79,0,83,74,78,75,68,72,77,0,69,79,76,69,53,59
79,6.125,rare_gold,Emiliano,Insua,LB,VfB Stuttgart,Bundesliga,Argentina,27,180,79,78,74,73,78,77,78,88,84,0,69,74,72,74,78,61,76,59,68,75,83,76,0,79,72,82,78,80,79,81,0,73,79,81,68,70,69
78,5.632,rare_gold,Marcel,Schmelzer,LB,Borussia Dortmund,Bundesliga,Germany,28,180,72,78,70,51,81,78,74,74,60,0,63,66,70,72,54,37,80,75,66,71,82,74,0,83,73,73,83,74,78,79,0,71,81,79,52,47,46
78,6.235,totw_gold,Benjamin,Mendy,LB,Olympique de Marseille,Ligue 1,France,21,185,75,78,74,50,79,68,76,69,67,0,66,69,64,74,72,35,78,34,72,65,81,78,0,78,69,78,86,79,81,78,0,30,78,79,33,21,42
78,6.01,totw_gold,Miguel,Lay??n,LB,FC Porto,Liga NOS,Mexico,27,179,69,85,74,75,84,72,83,80,77,0,82,84,75,70,68,68,74,73,69,56,73,71,0,73,75,75,92,62,76,75,0,73,69,70,70,68,63
77,5,gold,R??ben Rafael,Sousa Ferreira,LB,CS Mar??timo,Liga NOS,Portugal,25,183,66,75,72,46,76,76,74,74,49,0,74,63,74,75,66,30,83,72,68,60,78,76,0,76,75,73,90,62,72,74,0,75,75,73,67,34,49
75,4.325,gold,Nicol??s,Colazo,LB,Boca Juniors,Primera Divisi??n,Argentina,25,175,72,80,73,63,80,71,81,77,76,0,77,79,74,72,64,54,82,76,70,65,73,73,0,73,70,70,85,62,71,71,0,71,74,70,72,46,59
75,4.215,gold,Sebasti??n,Dubarbier,LB,UD Almer??a,Liga Adelante,Argentina,29,178,77,80,75,61,80,73,79,69,63,0,72,70,68,73,64,56,80,74,61,55,79,68,0,73,81,76,89,74,82,70,0,69,91,61,62,57,59
75,3.654,gold,Danilo Fernando,Avelar,LB,Torino,Serie A TIM,Brazil,26,185,79,75,74,56,77,72,73,76,67,0,69,64,64,77,63,38,79,83,57,68,75,69,0,78,66,72,79,74,75,74,0,79,76,74,37,54,79
74,3.124,rare_silver,Erik,Pieters,LB,Stoke City,Barclays Premier League,Holland,27,182,86,65,65,40,64,71,67,51,36,0,65,57,67,70,61,32,68,64,63,73,77,74,0,81,68,76,78,76,77,76,0,56,79,76,58,34,65
74,3.021,rare_silver,Aly,Cissokho,LB,FC Porto,Liga NOS,France,28,181,75,76,64,59,76,64,77,76,55,0,67,68,61,67,56,56,65,70,65,67,80,63,0,83,71,66,78,74,75,75,0,36,77,77,56,54,48
73,2.564,rare_silver,Jorge,Torres Nilo,LB,Tigres U.A.N.L.,LIGA Bancomer MX,Mexico,28,180,76,76,64,46,77,72,74,62,50,0,76,62,61,63,54,34,66,71,61,68,74,65,0,76,74,70,91,76,81,72,0,51,85,72,50,55,63
72,2.621,silver,Emmanuel,Mas,LB,San Lorenzo de Almagro,Primera Divisi??n,Argentina,27,183,73,80,69,60,79,74,81,72,65,0,70,66,65,70,70,52,64,58,67,69,73,71,0,78,76,69,73,76,74,71,0,45,71,69,59,48,57
72,2.325,silver,Danilo Teodoro,Soares,LB,FC Ingolstadt 04,Bundesliga,Brazil,24,170,72,76,73,51,76,70,77,52,56,0,84,85,63,71,59,49,68,56,62,60,72,69,0,74,80,68,81,64,71,69,0,49,72,69,53,47,42
70,2.021,rare_silver,Samuel Geoffroy,Camille,LB,SD Ponferradina,Liga Adelante,France,30,176,70,90,64,36,92,56,87,61,32,0,89,74,54,60,54,24,63,48,52,49,71,56,0,81,90,60,91,58,71,66,0,43,75,67,49,24,52
69,2.324,silver,Markus,Suttner,LB,FC Ingolstadt 04,Bundesliga,Austria,28,179,73,77,69,56,77,70,78,71,67,0,75,72,62,69,49,46,66,49,58,53,67,64,0,67,74,68,79,69,71,66,0,47,65,67,64,63,38
69,2.125,silver,Jonathan,Parr,LB,Ipswich Town,Football League Championship,Norway,27,182,75,75,65,58,75,63,74,53,54,0,74,68,61,64,61,62,66,46,61,60,70,65,0,68,58,65,90,70,73,68,0,53,64,69,55,50,53
69,2.22,silver,Brian,Hamalainen,LB,KRC Genk,Belgium Pro League,Denmark,26,176,80,79,66,45,77,70,82,71,57,0,66,70,66,66,44,26,71,69,65,63,70,67,0,68,76,63,71,74,72,68,0,71,67,70,59,62,57
69,2.002,silver,Rub??n,Duarte S??nchez,LB,RCD Espanyol,Liga BBVA,Spain,20,180,75,64,58,30,63,63,66,28,30,0,59,65,57,70,43,28,68,57,35,69,73,74,0,77,55,65,61,56,59,73,0,60,66,78,31,25,40
69,1.965,silver,Marcus,Olsson,LB,Derby County,Football League Championship,Sweden,27,180,70,81,66,49,80,70,83,66,52,0,80,78,62,56,58,40,70,51,55,59,71,65,0,70,72,60,80,58,63,68,0,41,51,71,62,48,42
69,1.652,silver,Dzhamaldin,Khodzhaniyazov,LB,Aarhus GF,Alka Superliga,Russia,19,180,70,71,61,55,73,72,69,64,62,0,67,73,56,59,42,52,64,59,53,64,73,62,0,73,75,70,71,60,65,71,0,60,69,70,39,37,54
69,1.354,rare_silver,Mehmet,Uslu,LB,Torku Konyaspor,S??per Lig,Turkey,27,176,67,68,69,46,72,64,64,49,56,0,74,78,67,63,62,39,68,65,67,61,71,74,0,68,74,72,80,78,79,68,0,39,81,66,59,34,47
68,1.324,silver,Joe,Bennett,LB,Aston Villa,Barclays Premier League,England,25,178,75,72,65,41,68,63,76,65,28,0,75,67,61,67,53,35,67,45,59,63,71,61,0,71,71,67,69,65,68,69,0,61,75,71,59,26,45
90,8.657,rare_gold,Arjen,Robben,RM,FC Bayern Munich,Bundesliga,Holland,32,180,80,92,92,86,92,91,92,86,90,0,91,91,82,90,89,85,80,86,74,51,26,85,0,26,61,39,76,65,64,32,0,83,47,29,84,86,80
89,7.986,totw_gold,Kevin,De Bruyne,RM,Manchester City,Barclays Premier League,Belgium,24,181,76,80,90,88,78,87,76,84,86,0,78,76,90,86,83,82,90,77,82,53,39,88,0,40,65,52,85,74,82,45,0,77,68,30,88,82,77
87,7.854,rare_gold,Gareth,Bale,RM,Real Madrid CF,Liga BBVA,Wales,26,183,74,94,84,83,95,84,93,87,88,0,75,65,83,85,83,81,84,87,80,74,65,84,0,62,67,59,89,79,80,63,0,85,77,60,79,76,76
86,7.658,totw_gold,Givanildo,Vieira de Souza,RM,Zenit St. Petersburg,Sogaz Russian Football Championship,Brazil,29,180,85,87,86,89,87,87,85,96,92,0,75,61,87,88,84,86,85,85,83,71,42,89,0,29,73,57,85,92,88,45,0,90,85,34,85,74,81
85,7.564,totw_gold,Francisco Rom??n,Alarc??n Su??rez,RM,Real Madrid CF,Liga BBVA,Spain,23,176,74,76,89,78,73,80,78,74,84,0,85,85,83,91,80,79,74,83,80,66,25,88,0,28,66,47,77,60,65,35,0,76,59,27,87,61,79
84,7.524,rare_gold,Juan Manuel,Mata Garc??a,RM,Manchester United,Barclays Premier League,Spain,27,170,63,71,87,75,63,87,80,74,72,0,90,89,84,88,84,77,83,82,78,66,22,86,0,16,72,39,79,43,55,27,0,81,52,15,88,71,71
84,7.452,totw_gold,Arda,Turan,RM,FC Barcelona,Liga BBVA,Turkey,29,177,76,76,89,78,72,82,80,77,81,0,87,73,85,92,86,75,86,83,81,72,66,87,0,72,81,61,78,70,75,65,0,66,80,59,89,84,76
82,7.456,rare_gold,Juan,Cuadrado,RM,Juventus,Serie A TIM,Colombia,27,176,66,93,87,77,94,75,92,83,80,0,90,77,75,84,78,75,79,73,73,59,56,79,0,62,60,55,80,64,71,54,0,69,79,48,68,75,65
83,7.562,rare_gold,Karim,Bellarabi,RM,Bayer 04 Leverkusen,Bundesliga,Germany,25,183,80,90,86,76,90,81,91,81,77,0,87,78,76,84,81,75,78,70,66,48,30,80,0,33,75,36,76,62,64,33,0,58,49,28,78,72,57
83,7.352,totw_gold,Willian,Borges da Silva,RM,Chelsea,Barclays Premier League,Brazil,27,175,75,90,87,80,86,82,93,76,86,0,89,83,80,87,83,81,75,75,78,29,63,84,0,52,47,56,88,62,65,51,0,58,45,43,82,63,64
82,7.321,totw_gold,V??ctor,Mach??n P??rez,RM,Sevilla FC,Liga BBVA,Spain,26,184,79,81,85,75,81,81,79,71,78,0,76,66,83,88,82,77,83,73,84,65,23,86,0,25,61,27,77,79,75,30,0,64,64,27,83,56,76
82,7.21,totw_gold,Xherdan,Shaqiri,RM,Stoke City,Barclays Premier League,Switzerland,24,169,72,89,89,82,85,82,93,89,85,0,91,98,83,86,82,78,79,88,80,39,64,85,0,56,68,69,84,80,80,61,0,84,78,62,83,80,69
81,7.221,rare_gold,Theo,Walcott,RM,Arsenal,Barclays Premier League,England,26,176,68,96,81,77,96,80,95,76,67,0,83,80,74,80,79,82,78,72,65,53,33,77,0,36,59,31,75,59,63,33,0,73,61,27,74,71,73
81,6.562,rare_gold,Ricardo Andrade,Quaresma Bernardo,RM,Be??ikta?? JK,S??per Lig,Portugal,32,175,74,84,86,77,83,77,85,83,85,0,84,79,79,87,76,70,83,92,72,41,17,78,0,13,63,24,68,65,65,18,0,78,62,10,79,80,74
80,6.475,rare_gold,Zoran,To??i??,RM,CSKA Moscow,Sogaz Russian Football Championship,Serbia,28,171,71,89,85,77,90,75,87,75,80,0,84,82,76,85,79,79,70,76,77,52,14,78,0,13,75,36,79,48,54,22,0,84,33,13,74,69,67
80,6.635,rare_gold,Eduardo,Salvio,RM,SL Benfica,Liga NOS,Argentina,25,173,77,89,84,75,87,76,91,77,75,0,86,84,73,83,83,75,79,75,70,67,38,74,0,33,90,52,83,60,69,44,0,64,69,40,70,72,60
80,6.321,rare_gold,G??khan,T??re,RM,Be??ikta?? JK,S??per Lig,Turkey,24,176,70,87,85,72,87,74,86,79,78,0,84,84,79,86,72,68,80,78,81,59,38,79,0,36,71,48,73,79,76,38,0,70,75,24,77,68,70
79,6.123,rare_gold,Romain,Hamouma,RM,AS Saint-??tienne,Ligue 1,France,28,177,74,83,81,80,83,75,83,82,80,0,83,79,79,81,75,80,81,80,78,63,47,80,0,41,60,39,73,66,66,45,0,73,59,42,78,78,72
78,5.675,gold,Jos?? Antonio,Reyes Calder??n,RM,Sevilla FC,Liga BBVA,Spain,32,176,72,72,83,72,68,73,77,72,79,0,75,76,80,85,69,70,81,85,79,57,27,81,0,23,53,23,55,58,56,28,0,77,51,24,77,69,72
78,5.324,gold,Samuel,Garc??a S??nchez,RM,Villarreal CF,Liga BBVA,Spain,25,179,73,69,80,65,65,79,74,73,64,0,70,69,79,81,80,61,81,62,80,63,16,82,0,12,73,22,67,57,58,21,0,48,48,13,81,58,63
78,5.21,rare_gold,Gerard,Deulofeu L??zaro,RM,Everton,Barclays Premier League,Spain,21,179,73,91,87,69,92,77,89,64,65,0,93,77,67,86,78,73,75,84,54,40,27,67,0,22,72,22,76,57,59,24,0,75,40,18,62,55,70
78,5.202,gold,Eduardo,Vargas,RM,TSG 1899 Hoffenheim,Bundesliga,Chile,26,175,70,86,82,76,87,79,85,77,76,0,89,83,71,80,77,76,71,72,64,58,36,74,0,36,78,25,78,55,63,32,0,68,60,23,71,81,70
78,5.103,totw_gold,Sa??l,????guez Escl??pez,RM,Atl??tico Madrid,Liga BBVA,Spain,21,181,70,69,71,60,67,81,70,67,61,0,79,72,76,82,62,60,61,49,81,73,80,90,0,77,65,79,80,78,77,75,0,58,72,66,70,33,55
77,5.003,gold,Ricardo,??lvarez,RM,Inter,Serie A TIM,Argentina,27,188,84,66,82,73,67,74,64,78,75,0,74,56,78,85,75,69,82,82,78,61,59,80,0,55,74,53,75,76,75,54,0,78,75,46,69,74,74
77,4.586,rare_gold,Andr??,Hahn,RM,Borussia M??nchengladbach,Bundesliga,Germany,25,185,80,85,73,78,90,78,78,84,77,0,66,60,72,75,79,79,80,67,68,62,56,73,0,48,82,50,90,81,83,52,0,52,79,46,70,76,49
77,4.256,gold,F??bio Miguel,Santos Sturgeon,RM,CF Os Belenenses,Liga NOS,Portugal,22,183,75,81,80,69,83,75,79,74,67,0,78,66,72,79,76,69,72,75,63,64,39,76,0,31,67,37,82,67,67,38,0,43,47,32,77,67,52
77,4.32,gold,Kevin,Kampl,RM,Bayer 04 Leverkusen,Bundesliga,Slovenia,25,178,65,84,84,62,82,76,86,62,62,0,91,81,72,80,75,60,63,76,67,34,47,75,0,40,67,67,86,47,61,48,0,64,62,42,78,58,64
76,3.586,rare_gold,Romain,Alessandrini,RM,Olympique de Marseille,Ligue 1,France,26,173,70,91,79,76,91,79,90,83,82,0,91,89,71,76,76,71,76,67,70,53,36,73,0,22,62,33,71,53,56,29,0,75,41,15,62,80,74
76,3.232,rare_gold,Joel,Campbell,RM,Arsenal,Barclays Premier League,Costa Rica,23,178,72,88,78,72,87,72,89,84,74,0,85,75,72,76,75,65,77,67,68,52,32,75,0,24,85,45,73,75,73,38,0,69,64,38,68,64,75
76,3.221,gold,Florian,Thauvin,RM,Newcastle United,Barclays Premier League,France,23,179,70,81,81,71,78,75,84,76,74,0,82,70,74,77,74,70,72,74,75,66,29,75,0,31,59,28,64,62,61,33,0,54,56,29,76,64,57
76,2.956,rare_gold,Armindo,Tu?? Na Bangna,RM,Real Sociedad,Liga BBVA,Portugal,21,173,66,93,84,66,93,72,93,74,66,0,92,90,70,80,68,63,68,75,68,52,29,72,0,18,63,32,74,59,62,28,0,69,56,21,67,59,71
75,2.654,gold,Zakaria,Labyad,RM,Sporting CP,Liga NOS,Morocco,22,173,74,79,81,72,79,75,79,82,78,0,80,83,71,84,71,65,71,78,68,49,36,74,0,28,69,31,72,56,56,32,0,73,32,24,66,75,68
75,2.332,gold,Eden??lson,Andrade dos Santos,RM,Udinese,Serie A TIM,Brazil,26,175,76,85,77,63,85,75,86,69,63,0,82,74,72,75,73,59,78,67,69,62,72,73,0,65,79,72,79,64,70,69,0,61,71,69,71,59,68
75,1.985,gold,Sifiso,Myeni,RM,Orlando Pirates,South African FL,South Africa,26,172,66,80,79,68,80,71,81,64,68,0,79,69,71,79,72,70,75,68,59,39,29,72,0,26,65,28,69,53,59,29,0,75,61,28,75,74,51
75,1.685,gold,Federico,Cartabia,RM,RC Deportivo de La Coru??a,Liga BBVA,Argentina,23,170,65,77,83,67,73,71,81,67,74,0,85,84,73,80,70,65,75,77,60,53,35,79,0,27,62,34,63,39,50,33,0,75,60,26,68,59,66
73,1.325,rare_silver,J??rgen,Damm,RM,Tigres U.A.N.L.,LIGA Bancomer MX,Mexico,23,180,71,95,75,61,95,71,95,68,55,0,83,69,65,72,66,62,70,66,62,65,35,67,0,37,68,48,78,66,69,42,0,59,65,40,60,51,61
73,1.302,rare_silver,Mandla,Masango,RM,Randers FC,Alka Superliga,South Africa,26,170,59,81,78,71,78,60,84,67,71,0,85,79,69,82,70,73,65,60,64,69,35,74,0,21,43,24,63,46,51,34,0,62,51,34,71,76,59
72,1.22,rare_silver,Flavio,Santos,RM,Puebla,LIGA Bancomer MX,Mexico,28,175,68,77,75,64,77,56,76,72,57,0,77,73,64,74,65,64,64,55,65,59,37,66,0,33,64,50,79,62,67,40,0,55,64,34,64,54,68
